type,mode,amount,currentBalance,transactionTimestamp,valueDate,txnId,narration,reference
DEBIT,CARD,100,2180.8,2023-06-27T09:40:19+05:30,27-06-2023,6e80ee9f-49b5-434f-8ab6-f192a2296e6c,GAS FILLING STATION,
DEBIT,CARD,170,2010.8,2023-06-28T09:51:57+05:30,28-06-2023,a734aa85-4bf8-44c0-b508-305f554dc51e,GAS FILLING STATION,
DEBIT,CARD,500,1510.8,2023-07-26T10:04:00+05:30,26-07-2023,dc44e071-399f-4ec2-b6ec-64f9e8a05a8a,GAS FILLING STATION,
CREDIT,OTHERS,15,1525.8,2023-08-06T11:10:38+05:30,31-07-2023,0adc1ed0-4809-462d-855c-84cda5593c80,5188810,
DEBIT,ATM,1000,525.8,2023-08-07T17:13:13+05:30,07-08-2023,1a018d91-db8a-416d-b49f-d03a84bc5c7b,ATM,
DEBIT,UPI,1,524.8,2023-08-22T08:05:06+05:30,22-08-2023,33bd1687-6ab2-43c5-be5f-d150f412834c,UPI/3234,
CREDIT,UPI,3000,3524.8,2023-08-22T11:49:13+05:30,22-08-2023,b87c4941-ad5b-41b7-9cda-4956a05a042e,UPI/3234,
CREDIT,UPI,300,3824.8,2023-08-22T12:20:04+05:30,22-08-2023,8bba53c3-7a35-40d6-a38c-fc142c432455,UPI/32345,
DEBIT,UPI,1200,2624.8,2023-08-23T08:17:48+05:30,23-08-2023,fd9c35d1-b32c-40f2-9e3e-0ddfe1d24cad,UPI/3235,
CREDIT,UPI,400,3024.8,2023-08-23T10:51:21+05:30,23-08-2023,d2407a2c-15f3-46c2-b658-f9b66de3b6fd,UPI/ent,
CREDIT,UPI,500,3524.8,2023-08-24T11:32:18+05:30,24-08-2023,b347d492-3798-4af9-b684-b136ecc2163e,UPI/3236,
CREDIT,UPI,300,3824.8,2023-08-24T12:31:36+05:30,24-08-2023,2502b83f-52a0-459a-acc2-058856a6025f,UPI/3236,
DEBIT,UPI,140,3684.8,2023-08-24T13:35:21+05:30,24-08-2023,ef7cdb44-66aa-4523-bafb-bc36528ffb08,UPI/3236,
CREDIT,UPI,400,4084.8,2023-08-24T16:52:52+05:30,24-08-2023,cb0dda74-4491-4005-9038-5d4d2d3d8f69,UPI/3236,
CREDIT,UPI,750,4834.8,2023-08-24T18:22:22+05:30,24-08-2023,504ea1a4-880a-4336-be91-722f93d03d76,UPI/3236,
DEBIT,UPI,80,4754.8,2023-08-24T21:43:55+05:30,24-08-2023,72b8aab6-5ec1-4204-9c6c-703251f82cae,UPI/BHARATPE6,
DEBIT,UPI,30,4724.8,2023-08-24T21:48:01+05:30,24-08-2023,ecc76954-7c8f-4fc0-9e51-6fa35a1b4cac,UPI/3236,
DEBIT,UPI,2480,2244.8,2023-08-25T10:24:38+05:30,25-08-2023,d26c20ba-4ed1-4ea0-81b0-d864d6905ce6,UPI/3237,
DEBIT,UPI,1450,794.8,2023-08-25T10:39:35+05:30,25-08-2023,4d14d160-484b-4f1d-822a-106f7e4d6cd0,UPI/32372,
DEBIT,UPI,120,674.8,2023-08-25T12:03:11+05:30,25-08-2023,2395c8a5-2d7b-45ff-8279-07160dc2b24f,UPI/BHARATPE,
CREDIT,UPI,480,1154.8,2023-08-25T16:03:16+05:30,25-08-2023,60867cfd-705b-44ba-9183-9fd57069d79b,UPI/36035,
CREDIT,OTHERS,1,1155.8,2023-08-25T16:04:31+05:30,25-08-2023,9760f363-bad8-44f4-99cb-8d9c97dccc4c,IMPS,
DEBIT,UPI,1,1154.8,2023-08-25T16:15:02+05:30,25-08-2023,b128ae36-e103-40fb-b402-dda22c0540a0,UPI/PAYTM,
DEBIT,UPI,1,1153.8,2023-08-25T16:19:10+05:30,25-08-2023,b224b31a-93e8-4726-9853-e355c677a612,UPI/32375,
CREDIT,UPI,21,1174.8,2023-08-25T16:19:20+05:30,25-08-2023,24f677df-0d22-4ee9-a72e-228f9898062b,UPI/32378/goog-payment,
CREDIT,OTHERS,1,1175.8,2023-08-25T16:41:37+05:30,25-08-2023,a25eeba0-6e08-45cb-9eb3-5583b6f9ec58,NEFT,9200200
DEBIT,UPI,1000,175.8,2023-08-25T16:56:59+05:30,25-08-2023,71bdd916-a4ad-4d30-9a0f-796611e2724f,UPI/3237,
DEBIT,UPI,30,145.8,2023-08-25T18:23:59+05:30,25-08-2023,f36f9696-82f7-47b1-9290-75cd13d701ac,UPI/3603,
CREDIT,OTHERS,51,196.8,2023-08-25T18:37:02+05:30,25-08-2023,c2ca6026-dd22-490f-8e8e-6bb1d033ec58,IMPS,
DEBIT,UPI,1,195.8,2023-08-26T15:06:16+05:30,26-08-2023,dec347ca-1df8-4834-bf12-a7ec81d4faeb,UPI/BHARATPE,
CREDIT,UPI,500,695.8,2023-08-26T19:25:59+05:30,26-08-2023,676db4e7-86c0-42e5-87f7-991d729ebd66,UPI/3238,
CREDIT,UPI,500,1195.8,2023-08-26T19:42:29+05:30,26-08-2023,ce354233-4a2f-499b-86f4-cc9ad4c0ccb7,UPI/32382,
CREDIT,UPI,700,1895.8,2023-08-26T20:36:16+05:30,26-08-2023,e47c0f6b-669c-4846-a4e1-a9c1abb74a49,UPI/32384,
DEBIT,UPI,60,1835.8,2023-08-26T21:29:53+05:30,26-08-2023,9da292b1-e6ff-4aec-ba17-1e9596be288d,UPI/BHARATPE,
DEBIT,UPI,20,1815.8,2023-08-26T21:31:20+05:30,26-08-2023,622a4877-d66b-4659-95f2-c834bc437044,UPI/BHARATPE,
DEBIT,UPI,1,1814.8,2023-08-27T12:18:39+05:30,27-08-2023,7c0b0fd3-5719-4c8f-be35-9a1eb624c282,UPI/32394,
DEBIT,UPI,1499,315.8,2023-08-27T12:19:54+05:30,27-08-2023,016a5f57-2be1-4c57-a806-9076e198a71f,UPI/3239,
CREDIT,UPI,240,555.8,2023-08-27T19:29:38+05:30,27-08-2023,345f0d46-25ad-497a-85d7-9047543df60e,UPI/32390/,
CREDIT,OTHERS,850,1405.8,2023-08-28T20:27:41+05:30,28-08-2023,e1f0ba13-39fa-4fa9-bcb1-47aab5a5e746,IMPS,
DEBIT,UPI,10,1395.8,2023-08-28T22:12:24+05:30,28-08-2023,6de89130-04ff-44c2-8801-88fca93609a9,AMZN,
DEBIT,UPI,1200,195.8,2023-08-29T11:49:00+05:30,29-08-2023,febe3439-44d2-4ab8-a972-cdb1f72e43aa,UPI/3241,
CREDIT,OTHERS,600,795.8,2023-08-29T20:02:21+05:30,29-08-2023,d2987357-92f2-4c9e-99a6-7692e931be22,IMPS,
DEBIT,UPI,100,695.8,2023-08-29T20:16:40+05:30,29-08-2023,c2aa2280-77b1-4f14-a157-de477ec6b924,UPI/3241,
DEBIT,UPI,15,680.8,2023-08-30T04:20:30+05:30,30-08-2023,ad797524-235c-4edb-b939-47647c17558c,UPI/JIOINAPPDIRECT/,
CREDIT,OTHERS,600,1280.8,2023-08-30T16:19:31+05:30,30-08-2023,0494c9e3-ee71-4d31-b923-e723a1df44c3,IMPS,
CREDIT,OTHERS,170,1450.8,2023-08-30T20:28:31+05:30,30-08-2023,3fd5bdaf-a0ec-4108-8f31-b39d54ba740d,IMPS,
CREDIT,OTHERS,350,1800.8,2023-08-31T06:44:24+05:30,31-08-2023,6ad58ee6-705a-4a71-8e43-c7ed1e88088f,NEFT,922020
CREDIT,OTHERS,750,2550.8,2023-08-31T13:42:41+05:30,31-08-2023,c722d3c1-53df-4e6d-bc90-f14dbb97376b,IMPS,
CREDIT,UPI,1200,3750.8,2023-08-31T16:09:10+05:30,31-08-2023,c75c6d29-5934-42c3-bbda-dfc773f0100a,UPI/PAYTMNA,
DEBIT,UPI,200,3550.8,2023-08-31T17:42:03+05:30,31-08-2023,794a682b-5b7a-4444-bd6a-5a3db9f9f1a3,UPI/3609,
DEBIT,UPI,50,3500.8,2023-08-31T17:46:36+05:30,31-08-2023,7a6487f4-2008-4358-a761-2bd30994ae38,UPI/3609,
DEBIT,UPI,3500,0.8,2023-09-01T10:42:42+05:30,01-09-2023,7a9c2faa-5032-42bb-9987-38cf36e1335b,UPI/32445,
CREDIT,UPI,34,34.8,2023-09-03T18:19:09+05:30,03-09-2023,5ccc1be2-fbfb-4f60-9a87-17ee0b25c621,UPI/3612,
CREDIT,UPI,460,494.8,2023-09-04T12:10:17+05:30,04-09-2023,8a98421e-6026-4147-a99b-1335649ebb75,UPI/32479,
DEBIT,UPI,200,294.8,2023-09-04T18:21:45+05:30,04-09-2023,b0bfec92-0fee-4c83-aa63-ec56255fa8ca,UPI/3613,
CREDIT,OTHERS,850,1144.8,2023-09-04T19:40:41+05:30,04-09-2023,7aab002f-a9d3-4600-840b-78a381e69fdd,IMPS,
CREDIT,UPI,200,1344.8,2023-09-05T16:30:08+05:30,05-09-2023,e6e88a6e-1bbf-4d10-8efc-7c38d81db891,UPI/3248,
CREDIT,OTHERS,1100,2444.8,2023-09-05T16:38:31+05:30,05-09-2023,8efc053e-df71-45cc-a9ce-0cea8d9d166e,IMPS,
DEBIT,UPI,10,2434.8,2023-09-06T10:13:26+05:30,06-09-2023,26212eac-72f0-4da8-943d-9e94599b1168,UPI/PAYTMPa,
DEBIT,UPI,15,2419.8,2023-09-06T17:22:50+05:30,06-09-2023,43423182-430e-4210-bf86-1093bde2c9a4,UPI/JIOINAPPDIRECT/,
DEBIT,UPI,220,2199.8,2023-09-08T19:37:29+05:30,08-09-2023,e12cba6a-8238-4de8-af95-0afacd47ef30,UPI/BHARATPE,
DEBIT,UPI,500,1699.8,2023-09-08T19:39:31+05:30,08-09-2023,2d629427-5abd-4cfa-9729-ec2f575c9c3f,UPI/BHARATPE,
CREDIT,OTHERS,850,2549.8,2023-09-08T20:21:01+05:30,08-09-2023,976f05f5-b0b1-4525-a5bd-c57fd63b6302,IMPS,
CREDIT,OTHERS,350,2899.8,2023-09-09T06:16:55+05:30,09-09-2023,5792cc25-83fd-4513-a760-9d0e0be64897,NEFT,922020
DEBIT,UPI,1,2898.8,2023-09-09T17:56:13+05:30,09-09-2023,aa9e7078-1396-4bc4-b021-2801520dd0ae,UPI/3252,
DEBIT,UPI,499,2399.8,2023-09-09T17:56:53+05:30,09-09-2023,2256bb31-80eb-40ef-a8b3-b614aeef95ae,UPI/3618,
CREDIT,OTHERS,200,2599.8,2023-09-09T20:03:32+05:30,09-09-2023,9133c24e-a12b-453c-b398-890e035a50b6,IMPS,
DEBIT,UPI,10,2589.8,2023-09-11T21:53:54+05:30,11-09-2023,320083ed-ac9d-445f-95ab-665823b66121,UPI/3620,
CREDIT,OTHERS,180,2769.8,2023-09-12T07:07:06+05:30,12-09-2023,b03f18f8-dbdb-4a9e-9999-f615aaa23a4b,NEFT,922020
DEBIT,CARD,60,2709.8,2023-09-12T09:55:34+05:30,12-09-2023,31a91be1-0573-4fbe-b399-7ae1d0e177da,GAS FILLING STATION,
DEBIT,UPI,10,2699.8,2023-09-12T10:00:48+05:30,12-09-2023,c60fc4d6-f73d-4855-a843-69156836af12,UPI/36211,
DEBIT,UPI,20,2679.8,2023-09-12T10:11:04+05:30,12-09-2023,8d3e0628-618e-499c-8c59-616a95f426d1,UPI/PAYTM,
CREDIT,OTHERS,350,3029.8,2023-09-13T06:36:06+05:30,13-09-2023,eab45d40-7e21-4933-b007-9170e9e35109,NEFT,9220200
DEBIT,UPI,3000,29.8,2023-09-13T10:19:32+05:30,13-09-2023,90d21217-2010-422c-80fc-2806ea02407b,UPI/36222,
CREDIT,OTHERS,400,429.8,2023-09-13T19:25:01+05:30,13-09-2023,75571385-d68d-4bc4-aae6-3a2e4d84d1e5,IMPS,
DEBIT,UPI,140,289.8,2023-09-14T10:18:25+05:30,14-09-2023,01e0f3d1-366b-4344-bf11-f37c0cae061b,UPI/32578,
DEBIT,UPI,120,169.8,2023-09-14T10:24:31+05:30,14-09-2023,3f7d6337-5760-42e8-9650-82b7e4e6f25b,UPI/32571,
CREDIT,OTHERS,670,839.8,2023-09-14T19:29:31+05:30,14-09-2023,7fa3f516-0a76-4a58-b66a-6e1297567084,IMPS,
CREDIT,OTHERS,5500,6339.8,2023-09-14T21:14:51+05:30,14-09-2023,9e361023-1600-47b8-929b-fd49f7d7bf22,IMPS,
DEBIT,UPI,50,6289.8,2023-09-14T21:54:45+05:30,14-09-2023,c61166ba-7899-4754-b839-36bbcf99df14,UPI/32576,
CREDIT,OTHERS,580,6869.8,2023-09-15T19:33:11+05:30,15-09-2023,9348033e-2c15-48d5-9d47-1e15b83a512a,IMPS,
DEBIT,UPI,40,6829.8,2023-09-15T21:46:32+05:30,15-09-2023,226c7c1a-4046-463e-92ea-6f6c8b600273,UPI/32581,
CREDIT,OTHERS,400,7229.8,2023-09-15T23:26:41+05:30,15-09-2023,f8e21723-b480-4813-a062-12bd1ddf6c9d,IMPS,
DEBIT,UPI,120,7109.8,2023-09-16T11:41:10+05:30,16-09-2023,1b3eda6c-a8f4-485a-8824-76b4eda8bf75,UPI/BHARATPE,
DEBIT,UPI,110,6999.8,2023-09-16T20:16:42+05:30,16-09-2023,6288f745-bfc9-49c9-9144-8f763cbc7303,UPI/36250,
CREDIT,UPI,50,7049.8,2023-09-17T20:17:51+05:30,17-09-2023,228d0c69-549c-4b66-bda9-26a88fa16cdb,UPI/3626,
DEBIT,UPI,19,7030.8,2023-09-17T20:34:56+05:30,17-09-2023,6cf8961e-f2dc-471d-8c7f-a12d443be002,UPI/JIOINAPPDIRECT,
DEBIT,UPI,10,7020.8,2023-09-17T21:39:34+05:30,17-09-2023,80da729f-1f76-41be-a745-097cac244ef9,UPI/PAYTM101,
DEBIT,UPI,241,6779.8,2023-09-18T22:24:38+05:30,18-09-2023,ca275aff-4c7c-415b-9f18-962dc7a2df69,UPI/JIOINAPPDIRECT,
CREDIT,OTHERS,450,7229.8,2023-09-18T22:27:51+05:30,18-09-2023,e6f497b6-446b-4f2b-8163-987ef32aae05,IMPS,
DEBIT,UPI,60,7169.8,2023-09-20T04:51:17+05:30,20-09-2023,156b0720-ad19-4d54-a8da-446c44c447df,UPI/36298/,
DEBIT,UPI,19,7150.8,2023-09-20T08:43:42+05:30,20-09-2023,4ac8f887-a601-4f56-be2b-5cc1ca6c6965,UPI/JIOINAPPDIRECT,
DEBIT,UPI,50,7100.8,2023-09-20T22:19:24+05:30,20-09-2023,de00042e-b507-489e-8862-6efbf98e619c,UPI/BHARATPE6,
CREDIT,OTHERS,1550,8650.8,2023-09-21T06:38:19+05:30,21-09-2023,8da5dea7-f101-4ad0-b139-414837511c68,NEFT,92202
DEBIT,UPI,3500,5150.8,2023-09-21T13:05:06+05:30,21-09-2023,dedecd53-f40c-4124-901b-0b400fc9758f,UPI/3630,
CREDIT,UPI,1,5151.8,2023-09-21T18:29:38+05:30,21-09-2023,97619cf6-f40f-4c05-9766-48c2a2860ee4,UPI/3264,
CREDIT,UPI,2500,7651.8,2023-09-21T19:28:25+05:30,21-09-2023,6d0349bd-1c9d-4717-9fe6-db9372baa936,UPI/3264,
DEBIT,UPI,50,7601.8,2023-09-22T09:57:07+05:30,22-09-2023,b6ff1b3f-979c-4fdd-8f5a-bbb1df4be12d,UPI/32655,
DEBIT,UPI,1530,6071.8,2023-09-22T10:24:00+05:30,22-09-2023,f51d2d6c-6fd9-4e14-b0e3-b73a0bbcb5cd,UPI/36311,
DEBIT,UPI,2940,3131.8,2023-09-22T10:44:30+05:30,22-09-2023,3df016c3-4a26-4786-94de-8eb634982994,UPI/32659,
DEBIT,UPI,500,2631.8,2023-09-22T18:56:41+05:30,22-09-2023,5230c540-d846-4481-af4b-259a9b4d26af,UPI/32654,
DEBIT,UPI,400,2231.8,2023-09-22T18:57:16+05:30,22-09-2023,ee1b82e0-c0ef-4b0b-8890-2c9a0e5f72e9,UPI/BHARATPE,
DEBIT,UPI,140,2091.8,2023-09-22T21:52:38+05:30,22-09-2023,8eaa3e76-c910-47ef-9378-46e8ef464a35,UPI/PAYTM,
DEBIT,UPI,40,2051.8,2023-09-22T22:02:12+05:30,22-09-2023,2e857865-defd-4882-9637-148669d40b3e,UPI/36318,
CREDIT,OTHERS,1280,3331.8,2023-09-23T08:15:20+05:30,23-09-2023,3ee3466b-ac57-4f9f-956b-a35f5d55e4b4,NEFT,92202
DEBIT,UPI,20,3311.8,2023-09-23T10:35:48+05:30,23-09-2023,71348f87-281d-4dac-815e-7c749f39106b,UPI/GPAY,
DEBIT,UPI,40,3271.8,2023-09-23T22:31:02+05:30,23-09-2023,0f13a626-bb42-4663-9043-403951ed5cbb,UPI/PAYTM101,
DEBIT,UPI,17,3254.8,2023-09-23T22:48:48+05:30,23-09-2023,74c43a11-f14e-4c0b-9a12-6ff003603c9d,UPI/BHARATPE,
DEBIT,UPI,50,3204.8,2023-09-23T23:02:35+05:30,23-09-2023,3260756f-954a-47b3-b46f-2c338f7f8b0a,UPI/GPAY,
DEBIT,UPI,110,3094.8,2023-09-24T22:29:28+05:30,24-09-2023,7d0dd7c6-8a00-4436-9823-009cd57b4d0e,UPI/PAYTM101,
CREDIT,OTHERS,1100,4194.8,2023-09-25T04:18:32+05:30,25-09-2023,802bb8ed-6cbd-4e2e-be90-09aef4da6794,NEFT,92202
CREDIT,UPI,20,4214.8,2023-09-25T17:41:50+05:30,25-09-2023,9125f055-f355-4d8d-9ac6-d9bb065ee25a,UPI/3268,
DEBIT,UPI,20,4194.8,2023-09-25T20:14:00+05:30,25-09-2023,90c6e54f-6249-426a-9423-598892687d55,UPI/PAYTMep,
DEBIT,UPI,40,4154.8,2023-09-25T21:30:49+05:30,25-09-2023,f26df49f-0847-4da1-a06a-1f52e3b4fa9b,UPI/36341,
DEBIT,UPI,1,4153.8,2023-09-26T10:00:52+05:30,26-09-2023,8339b673-56e9-4517-aaf7-804da58d7ec4,UPI/32691,
DEBIT,UPI,3000,1153.8,2023-09-26T10:01:36+05:30,26-09-2023,6834106a-a1db-421a-a030-05b47ec0b49e,UPI/36352,
DEBIT,UPI,1000,153.8,2023-09-26T10:03:39+05:30,26-09-2023,e4c9bdfc-0a18-4bc2-887b-f5d6449b7884,UPI/36351,
CREDIT,UPI,400,553.8,2023-09-26T14:00:53+05:30,26-09-2023,380b58dc-3d3c-45b9-8acd-2b6f6822a954,UPI/32695,
DEBIT,UPI,30,523.8,2023-09-27T10:08:11+05:30,27-09-2023,9209e2ff-aabe-4148-82c9-3cfbb07572a5,UPI/PAYTM,
CREDIT,UPI,200,723.8,2023-09-27T12:06:05+05:30,27-09-2023,c843b30d-cb22-42e1-8c58-05d59e9b6410,UPI/3270,
DEBIT,UPI,200,523.8,2023-09-27T12:06:19+05:30,27-09-2023,a7d31245-0cc9-446f-875f-efbed9a75bb1,UPI/32709,
DEBIT,UPI,200,323.8,2023-09-27T12:09:21+05:30,27-09-2023,bbf7e57c-5c39-4c78-8faf-7a77a79fbebc,UPI/32706,
CREDIT,OTHERS,400,723.8,2023-09-27T13:34:24+05:30,27-09-2023,a5f0be0a-122f-4b43-8333-14233b1d8c42,NEFT,922020
DEBIT,UPI,100,623.8,2023-09-27T20:11:21+05:30,27-09-2023,756010f4-f8f3-4c81-81b9-62c25e8609e0,UPI/36367,
CREDIT,OTHERS,1450,2073.8,2023-09-28T08:00:14+05:30,28-09-2023,b2ba5a7b-b5da-4563-831e-5cf406d85c8c,NEFT,8646845
DEBIT,UPI,1280,793.8,2023-09-28T12:13:59+05:30,28-09-2023,4b0f59fa-655b-4e30-9b83-f9514cf9b240,UPI/32712,
DEBIT,UPI,10,783.8,2023-09-28T21:21:56+05:30,28-09-2023,3a4ff688-bef4-4aaf-8f45-61d0168ffc75,UPI/36370,
CREDIT,OTHERS,600,1383.8,2023-09-29T06:42:54+05:30,29-09-2023,d8b45c85-45b2-4b13-9879-66a00fa7af65,NEFT,8646845
DEBIT,UPI,500,883.8,2023-09-29T20:23:42+05:30,29-09-2023,fa919e43-a6a1-4c55-9985-6f8b97d681eb,UPI/36381,
CREDIT,OTHERS,480,1363.8,2023-09-30T06:09:28+05:30,30-09-2023,a100ec2b-95e6-40f8-a021-20b36afe2715,NEFT,8646845
DEBIT,UPI,150,1213.8,2023-09-30T21:19:06+05:30,30-09-2023,c9f6c8e9-e5b1-49e7-8f8b-442ebca30aaf,UPI/PAYTM,
DEBIT,UPI,35,1178.8,2023-09-30T21:39:14+05:30,30-09-2023,623990ca-7390-404b-82fa-5f10316863d2,UPI/PAYTMap,
DEBIT,UPI,130,1048.8,2023-09-30T21:43:00+05:30,30-09-2023,f8c83f63-6b3c-48b7-907e-1c7569881a5a,UPI/32738,
DEBIT,UPI,50,998.8,2023-09-30T22:29:23+05:30,30-09-2023,3e3f3ee0-8eaf-456e-a475-f4aff84fd8a7,UPI/BHARATPE,
DEBIT,UPI,10,988.8,2023-09-30T22:33:15+05:30,30-09-2023,9b3a0f22-6e89-4356-a5c5-f173fe76ff23,AMZN,
CREDIT,OTHERS,700,1688.8,2023-10-01T10:23:16+05:30,01-10-2023,248af984-503d-4ca8-bd8f-00ba044859e7,NEFT,8646845
CREDIT,OTHERS,4550,6238.8,2023-10-01T19:02:22+05:30,01-10-2023,ace38436-f415-45f8-bb95-3679ff3e0d43,IMPS,
DEBIT,UPI,1,6237.8,2023-10-01T19:49:12+05:30,01-10-2023,f820697b-3dd8-4e9b-88ed-27639dd662c3,UPI/36406,
DEBIT,UPI,4000,2237.8,2023-10-01T19:51:09+05:30,01-10-2023,ddcc8fa1-81c0-4d4b-8f71-180352bf97aa,UPI/36408,
DEBIT,UPI,540,1697.8,2023-10-01T20:16:47+05:30,01-10-2023,e3d156cc-dfbf-471b-b50c-75477e85847b,UPI/BHARATPE,
DEBIT,UPI,50,1647.8,2023-10-01T22:29:54+05:30,01-10-2023,edf8c5a8-b2d0-442d-bc16-8d739075ddaf,UPI/BHARATPE,
CREDIT,OTHERS,540,2187.8,2023-10-02T02:55:44+05:30,01-10-2023,7b4353e3-877e-4ae0-8437-22bb587225b4,IMPS,
DEBIT,UPI,370,1817.8,2023-10-02T17:03:10+05:30,02-10-2023,5f109549-800e-46e7-9455-e0a9b4865360,UPI/PAYTM9p,
DEBIT,UPI,19,1798.8,2023-10-03T00:38:08+05:30,03-10-2023,31668b32-0d2d-4dea-aa92-6b8c31ee848e,UPI/JIOINAPPDIRECT,
CREDIT,OTHERS,600,2398.8,2023-10-03T03:56:11+05:30,03-10-2023,3108c01e-39f6-4c2f-a283-86db7439f95c,NEFT,8646845
DEBIT,UPI,10,2388.8,2023-10-03T20:25:12+05:30,03-10-2023,0fce7629-1e60-4e18-a1b7-a8ca75f7f2f4,UPI/36421,
CREDIT,OTHERS,250,2638.8,2023-10-04T08:40:35+05:30,04-10-2023,76615252-dfaf-4102-8f5d-75bc54d8387b,NEFT,8646845
DEBIT,UPI,40,2598.8,2023-10-04T09:53:09+05:30,04-10-2023,51dcb4d5-7bad-400c-8a1b-8e6b8a8f24af,UPI/32770,
DEBIT,UPI,10,2588.8,2023-10-04T09:59:59+05:30,04-10-2023,c22fc6ad-c242-4538-91f2-53ca13770c6e,UPI/32775,
DEBIT,UPI,30,2558.8,2023-10-04T21:14:16+05:30,04-10-2023,9c02e93a-0999-41cc-95e4-279994bb3364,UPI/36435,
CREDIT,OTHERS,400,2958.8,2023-10-05T07:29:40+05:30,05-10-2023,033d5608-e2b1-4858-b98b-99f3f9cf83d6,NEFT,8646845
CREDIT,UPI,200,3158.8,2023-10-05T18:48:46+05:30,05-10-2023,8d61b7b8-6b32-47b2-ada2-1636ab6b0f56,UPI/32789,
DEBIT,UPI,30,3128.8,2023-10-05T19:56:08+05:30,05-10-2023,6b92418c-590d-42fd-abc0-fb5156683c35,UPI/32783,
DEBIT,UPI,160,2968.8,2023-10-05T20:26:51+05:30,05-10-2023,d3bc1598-5ded-4832-a6f9-069e5c28d7ac,UPI/32784,
DEBIT,UPI,226,2742.8,2023-10-06T13:24:14+05:30,06-10-2023,8e96f9b1-5fc7-489f-9566-35ac1f240252,UPI/32795,
DEBIT,UPI,320,2422.8,2023-10-06T14:14:20+05:30,06-10-2023,177a6ed6-5383-405b-b331-955da39f85c6,UPI/BHARATPE,
DEBIT,UPI,10,2412.8,2023-10-06T16:20:57+05:30,06-10-2023,39cad768-4f42-4879-9fa4-12f7d5f75fea,UPI/36454,
CREDIT,UPI,700,3112.8,2023-10-06T18:09:14+05:30,06-10-2023,8af09e5a-a98a-4a0a-9648-64d457d85070,UPI/3645,
DEBIT,UPI,220,2892.8,2023-10-06T21:27:38+05:30,06-10-2023,979fab68-939e-4b78-8f89-09c0dbb46472,UPI/BHARATPE,
CREDIT,UPI,220,3112.8,2023-10-06T21:30:07+05:30,06-10-2023,e30a976a-ef08-44a4-88c2-9105178a4999,UPI/3279,
DEBIT,UPI,30,3082.8,2023-10-06T21:32:04+05:30,06-10-2023,9f694e56-84bb-4322-86d1-048ed5d7b7b0,UPI/36458,
CREDIT,OTHERS,2330,5412.8,2023-10-07T09:01:11+05:30,07-10-2023,d59218dd-56a8-4c04-b1b4-ac13349f5d81,NEFT,8646845
DEBIT,UPI,19,5393.8,2023-10-07T15:57:03+05:30,07-10-2023,0cc87859-f3c0-4c5c-b51a-bfdd20a1433b,UPI/GPAYBILLREACHARGE,
DEBIT,UPI,2000,3393.8,2023-10-07T18:44:21+05:30,07-10-2023,d8aaf10a-4bd0-4389-812e-1b1588d811a4,UPI/BHARATPE,
DEBIT,UPI,20,3373.8,2023-10-07T21:17:18+05:30,07-10-2023,50052b56-dc7d-48e4-a9c6-3875ab1497d0,UPI/36462,
DEBIT,UPI,330,3043.8,2023-10-07T21:32:00+05:30,07-10-2023,1bd129a3-31f0-4a9c-b646-532f3decb10a,UPI/32802,
CREDIT,UPI,1900,4943.8,2023-10-08T20:10:05+05:30,08-10-2023,1ae3ff28-9cdb-461b-921e-5137cbb992b8,UPI/3647,
DEBIT,UPI,100,4843.8,2023-10-08T22:26:18+05:30,08-10-2023,7c549684-4fc8-4b23-a781-d8f878d8ce29,UPI/BHARATPE,
CREDIT,OTHERS,100,4943.8,2023-10-09T05:24:05+05:30,09-10-2023,c59fa33b-8458-44ce-be05-d5944e2325c6,NEFT,8646845
DEBIT,UPI,2000,2943.8,2023-10-09T11:24:18+05:30,09-10-2023,b7b95690-4180-4dcc-90ae-b34aad750bbc,UPI/36486,
DEBIT,UPI,50,2893.8,2023-10-09T14:39:20+05:30,09-10-2023,74d0b7b2-cd18-4910-bcff-e515a3c704f5,UPI/BHARATPE4,
CREDIT,UPI,100,2993.8,2023-10-09T20:02:16+05:30,09-10-2023,bb88f510-b541-44e1-87a4-069ea4c9f816,UPI/3648,
DEBIT,UPI,110,2883.8,2023-10-09T22:31:10+05:30,09-10-2023,601ec0cd-17de-4fe2-906c-9ec67ac87798,UPI/BHARATPE,
CREDIT,OTHERS,100,2983.8,2023-10-10T06:44:35+05:30,10-10-2023,f24446ac-dee7-4127-987f-14d106066704,NEFT,8646845
DEBIT,UPI,20,2963.8,2023-10-10T16:09:40+05:30,10-10-2023,c96959bd-3737-4608-874d-112b99790eb0,UPI/BHARATPE,
DEBIT,UPI,5,2958.8,2023-10-10T19:19:48+05:30,10-10-2023,d5bdd359-5af3-40e1-a991-3e9346cdd63e,UPI/36499,
DEBIT,UPI,310,2648.8,2023-10-10T20:31:14+05:30,10-10-2023,6d174e80-c032-4336-9133-dc7ac9817170,UPI/PAYTM,
DEBIT,UPI,500,2148.8,2023-10-11T06:06:22+05:30,11-10-2023,6d30b4ce-41a8-490f-90df-6ecb91f6b32a,UPI/32841,
CREDIT,OTHERS,250,2398.8,2023-10-11T06:09:47+05:30,11-10-2023,8078fdd5-2c46-4cae-8ee1-d51aa7f1e5f8,NEFT,8646845
DEBIT,UPI,100,2298.8,2023-10-11T18:47:34+05:30,11-10-2023,2744f39f-7233-45ba-bcee-cc1da7ba8fe1,UPI/3650,
DEBIT,UPI,120,2178.8,2023-10-11T21:22:07+05:30,11-10-2023,65eddd32-8d66-4c4d-a947-2b358232f3cb,UPI/PAYTM,
DEBIT,UPI,100,2078.8,2023-10-11T22:25:46+05:30,11-10-2023,cac58514-4078-4a90-84cc-de42811911eb,UPI/36509,
CREDIT,OTHERS,1000,3078.8,2023-10-12T05:49:08+05:30,12-10-2023,e1f83744-7362-4c54-89ce-1691eca8ef60,NEFT,8646845
CREDIT,UPI,200,3278.8,2023-10-12T18:25:53+05:30,12-10-2023,809ea0c8-6adc-4383-bd99-7dbb099af5da,UPI/3285,
CREDIT,OTHERS,600,3878.8,2023-10-13T05:50:40+05:30,13-10-2023,bce416a1-2b74-4d3f-b4c8-c9ae537fa9a1,NEFT,8646845
DEBIT,UPI,10,3868.8,2023-10-14T17:43:39+05:30,14-10-2023,20393504-68b3-4b3f-9e1f-155fd831cebb,UPI/36530,
DEBIT,UPI,1000,2868.8,2023-10-14T19:43:33+05:30,14-10-2023,699002e0-2d99-4493-baab-97c17fdf2e75,UPI/BHARATPE,
DEBIT,UPI,10,2858.8,2023-10-14T20:33:18+05:30,14-10-2023,558d36f0-3e16-4507-92b7-50e77e0d9a55,UPI/PAYTM101,
DEBIT,UPI,55,2803.8,2023-10-15T09:21:09+05:30,15-10-2023,7c8a8442-bf95-44d2-a3ee-d4e4eb117c1f,UPI/32880,
DEBIT,UPI,300,2503.8,2023-10-15T10:15:59+05:30,15-10-2023,4ff90fe0-c39d-4f1a-bda7-487800f1945e,UPI/32883,
DEBIT,UPI,510,1993.8,2023-10-15T19:48:41+05:30,15-10-2023,dc0ee0f8-829f-44f6-a5f5-6bd0ac36c81b,UPI/BHARATPE,
DEBIT,UPI,50,1943.8,2023-10-15T21:25:58+05:30,15-10-2023,9cba4c27-7f9b-4a22-af17-67d5e193766f,UPI/PAYTMdp,
CREDIT,OTHERS,1300,3243.8,2023-10-16T04:21:01+05:30,16-10-2023,509f6222-7a2b-45a3-b813-e97da77b66fc,NEFT,8646845
DEBIT,UPI,1000,2243.8,2023-10-16T21:06:29+05:30,16-10-2023,546f9c7a-6f58-40b0-9560-aca41605644d,UPI/3289,
DEBIT,UPI,241,2002.8,2023-10-17T08:59:52+05:30,17-10-2023,8b021c7e-13a1-4b6c-b757-dc5a3dde97ec,UPI/JIOINAPPDIRECT/,
CREDIT,OTHERS,950,2952.8,2023-10-17T09:06:20+05:30,17-10-2023,d398a84c-b552-4023-9d8d-78af1b66d578,NEFT,8646845
CREDIT,OTHERS,930,3882.8,2023-10-18T06:21:47+05:30,18-10-2023,eb8c18e6-2871-446f-b7ea-dc8120b38fd7,NEFT,8646845
DEBIT,UPI,25,3857.8,2023-10-19T19:33:18+05:30,19-10-2023,9603956b-ea80-4bce-b673-e19476398b45,UPI/32925,
DEBIT,UPI,10,3847.8,2023-10-19T21:17:05+05:30,19-10-2023,f5a83366-1dd6-4bd3-8f15-10cf41f7310b,UPI/32924,
DEBIT,UPI,500,3347.8,2023-10-20T21:01:58+05:30,20-10-2023,0531c7aa-c1f2-414c-b136-fde68604ed61,UPI/32931/,
DEBIT,UPI,40,3307.8,2023-10-20T21:48:13+05:30,20-10-2023,5c3b7e44-bf67-4d51-85ab-6894e2e9cde7,UPI/36597,
CREDIT,OTHERS,830,4137.8,2023-10-21T08:07:00+05:30,21-10-2023,9aa8a7f5-4019-44be-a141-c712b1b8b334,NEFT,8646845
DEBIT,UPI,3300,837.8,2023-10-21T16:17:48+05:30,21-10-2023,fae0feb2-23d0-43c7-a0a4-f35a4d3b6497,UPI/GPAY,
DEBIT,UPI,136,701.8,2023-10-21T17:20:22+05:30,21-10-2023,c097d89b-b2cf-4774-8309-4aaf893f1350,UPI/36606,
DEBIT,UPI,200,501.8,2023-10-22T22:06:51+05:30,22-10-2023,359cbf7a-158a-4376-b7d1-bd9d5d529761,UPI/36613,
DEBIT,UPI,10,491.8,2023-10-22T22:10:53+05:30,22-10-2023,d74640f5-bb06-4f9b-b21b-bce32d862fa4,UPI/32958,
CREDIT,OTHERS,270,761.8,2023-10-23T05:15:32+05:30,23-10-2023,e3dd02e3-2294-4620-8d6c-3c95db04a5e4,NEFT,8646845
DEBIT,UPI,20,741.8,2023-10-23T20:20:39+05:30,23-10-2023,5a663c28-a8fd-4077-9a65-48f682bb09e8,UPI/BHARATPE,
CREDIT,UPI,100,841.8,2023-10-23T22:23:15+05:30,23-10-2023,e5cb5574-6f29-4d02-b71a-55f792af3ddb,UPI/3296,
DEBIT,UPI,150,691.8,2023-10-23T22:27:34+05:30,23-10-2023,9c95a744-1b6d-44a6-be6a-3b4afed32e7c,UPI/BHARATPE,
CREDIT,OTHERS,250,941.8,2023-10-24T06:17:13+05:30,24-10-2023,49d3f474-c97e-4e36-b384-7014c001d5c7,NEFT,8646845
DEBIT,UPI,43,898.8,2023-10-24T18:22:57+05:30,24-10-2023,dfc6781b-58ff-4760-8291-04f0024601bd,UPI/36636,
CREDIT,UPI,100,998.8,2023-10-24T20:45:13+05:30,24-10-2023,85b66477-4613-4666-9f2c-ae064034d79f,UPI/32971,
DEBIT,UPI,150,848.8,2023-10-24T20:48:08+05:30,24-10-2023,9cdca0b6-cb0b-4d91-8a61-8170d770ea87,UPI/PAYTM,
DEBIT,UPI,30,818.8,2023-10-24T20:53:45+05:30,24-10-2023,16c81143-37e9-4b8e-9a48-0e39158f0861,UPI/BHARATPE,
DEBIT,UPI,20,798.8,2023-10-24T20:54:12+05:30,24-10-2023,831c6f85-3e6d-4074-b1e5-4e4fe21b8cd4,UPI/BHARATPE,
DEBIT,UPI,200,598.8,2023-10-24T22:17:04+05:30,24-10-2023,edfc5007-2c33-48bd-bdc0-5a6c8bc291c3,UPI/32975,
CREDIT,OTHERS,1000,1598.8,2023-10-25T07:43:32+05:30,25-10-2023,a4bc2686-8db0-4dd6-bfc2-25961ac95b73,NEFT,8646845
DEBIT,UPI,60,1538.8,2023-10-25T09:34:57+05:30,25-10-2023,ee894c06-f873-4f7b-a2c2-a5dac5c3964f,UPI/36640/U,
DEBIT,UPI,19,1519.8,2023-10-25T23:04:59+05:30,25-10-2023,8b680f57-f204-4e03-922f-9fd140fff54f,UPI/JIOINAPPDIRECT/,
DEBIT,UPI,10,1509.8,2023-10-26T21:05:53+05:30,26-10-2023,1c439506-fc8d-45e5-ae81-7d0daab976fd,UPI/36655,
CREDIT,OTHERS,400,1909.8,2023-10-28T06:43:43+05:30,28-10-2023,884e791b-e8bf-45aa-a63a-561667ae14ba,NEFT,8646845
DEBIT,UPI,239,1670.8,2023-10-28T12:03:13+05:30,28-10-2023,3bc9eb42-0bb0-4e3a-b035-b49f0a058b82,UPI/EURONETGPAY,
CREDIT,UPI,400,2070.8,2023-10-28T16:41:49+05:30,28-10-2023,7169dcf4-e9d8-4d10-910c-f39b4c1f93ae,UPI/PAYTM,
DEBIT,UPI,310,1760.8,2023-10-28T16:54:58+05:30,28-10-2023,1c3be831-b1a6-4243-b2a7-da4c2fb6f345,UPI/PAYTM,
DEBIT,UPI,215,1545.8,2023-10-28T18:27:02+05:30,28-10-2023,8b0ce824-2823-4351-b7a4-5289a71f8458,UPI/36671,
CREDIT,OTHERS,2,1547.8,2023-10-30T11:04:29+05:30,30-10-2023,0f0c4711-5d8c-46be-b8fd-f097ec067ca2,NEFT,8646845
DEBIT,UPI,22,1525.8,2023-10-30T14:07:52+05:30,30-10-2023,8f29ee5f-6d09-4ffe-8b32-65a507519289,UPI/33035,
CREDIT,UPI,200,1725.8,2023-10-30T18:53:51+05:30,30-10-2023,f7a0a036-2ce3-4a7c-951d-2b6b9719b849,UPI/3303,
DEBIT,UPI,200,1525.8,2023-10-30T19:34:47+05:30,30-10-2023,1f52f45a-34af-4630-af73-0994db93492c,UPI/BHARATPE,
DEBIT,UPI,30,1495.8,2023-10-31T18:16:36+05:30,31-10-2023,bca2495e-7cce-432f-bdda-471b907ec613,UPI/BHARATPE,
DEBIT,UPI,145,1350.8,2023-11-01T22:30:10+05:30,01-11-2023,de44cd2d-0a16-4dbf-807a-b47d70c3c694,UPI/36716,
CREDIT,OTHERS,280,1630.8,2023-11-02T06:55:07+05:30,02-11-2023,6fa60611-61be-4564-a3c8-b47e98c91994,NEFT,8646845
DEBIT,UPI,500,1130.8,2023-11-02T13:17:18+05:30,02-11-2023,db47a064-9201-49ba-97b2-6bf457a6941b,UPI/33061,
DEBIT,UPI,10,1120.8,2023-11-02T18:28:02+05:30,02-11-2023,c37b3623-e44d-418f-91bc-8816abd60877,UPI/33060,
DEBIT,UPI,150,970.8,2023-11-02T20:51:14+05:30,02-11-2023,faab3b7e-102d-4fdf-95c3-9fbf354d8fa2,UPI/PAYTMwp,
DEBIT,UPI,60,910.8,2023-11-03T06:02:22+05:30,03-11-2023,f67d2304-8bd9-424e-a19a-51f108ce0cb7,UPI/PAYTM,
DEBIT,UPI,180,730.8,2023-11-03T08:18:46+05:30,03-11-2023,848b08b3-d77c-4edf-b994-e3a62b42ae96,UPI/33078,
DEBIT,UPI,500,230.8,2023-11-04T15:57:51+05:30,04-11-2023,21966ea9-f6f5-4f1c-94c3-a4aebb56cdb6,UPI/36746,
DEBIT,UPI,19,211.8,2023-11-04T20:26:16+05:30,04-11-2023,f2402973-d02a-48e8-a071-606321e13384,UPI/BILLDESKRECHARGE,
DEBIT,UPI,20,191.8,2023-11-05T21:15:06+05:30,05-11-2023,21e97e5d-ea16-4110-a444-37f81fdf8430,UPI/33095,
CREDIT,UPI,200,391.8,2023-11-06T19:20:31+05:30,06-11-2023,c39571d4-4945-4c65-8d20-7bca996636a4,UPI/3310,
DEBIT,UPI,200,191.8,2023-11-06T20:12:28+05:30,06-11-2023,367ea7ac-a367-4b43-9200-1d8f355b175e,UPI/36763,
DEBIT,UPI,105,86.8,2023-11-06T20:57:40+05:30,06-11-2023,6ed93c29-40da-4cef-b3d2-10f05dbfe25b,UPI/36761,
CREDIT,OTHERS,1150,1236.8,2023-11-07T09:13:37+05:30,07-11-2023,4f4d0daf-5ad6-49d4-a7a6-1e00c8737e63,NEFT,8646845
DEBIT,UPI,51,1185.8,2023-11-07T10:18:24+05:30,07-11-2023,3ef28929-ec15-42e9-b289-6184b2b41521,UPI/33115,
DEBIT,UPI,500,685.8,2023-11-07T20:03:09+05:30,07-11-2023,4ef8759e-641f-4ded-8f4d-b3a7431c7c7b,UPI/33113,
DEBIT,UPI,10,675.8,2023-11-07T21:02:32+05:30,07-11-2023,8a3ccbf2-08d2-48dc-b75d-022493b7426c,UPI/36774,
DEBIT,UPI,50,625.8,2023-11-07T21:44:01+05:30,07-11-2023,9be68c05-3054-4202-95d5-0f9ededc5d16,UPI/33112,
CREDIT,OTHERS,250,875.8,2023-11-08T13:19:19+05:30,08-11-2023,d4ecd289-3506-4423-a600-10a8c34bfde1,NEFT,8646845
CREDIT,UPI,180,1055.8,2023-11-08T15:21:21+05:30,08-11-2023,d3935b54-131c-4c9d-9d0d-23f60439bb98,UPI/3312,
CREDIT,OTHERS,15,1070.8,2023-11-08T17:41:05+05:30,31-10-2023,633820ea-fcd9-449f-9457-9392cfb54d66,518881000,
DEBIT,UPI,50,1020.8,2023-11-08T21:33:05+05:30,08-11-2023,e85c9e1a-eaac-423f-b630-14e357842c98,UPI/33128/,
CREDIT,OTHERS,2950,3970.8,2023-11-09T15:29:37+05:30,09-11-2023,5c8f92f9-7d43-4615-946e-dfbc51236589,NEFT,8646845
CREDIT,UPI,200,4170.8,2023-11-09T16:56:28+05:30,09-11-2023,7f58d530-1042-4167-ad0c-705c51e04571,UPI/33131,
DEBIT,UPI,140,4030.8,2023-11-09T22:32:53+05:30,09-11-2023,2b308e5b-4d37-4c5e-bab3-a4046bf82c74,UPI/33138,
CREDIT,OTHERS,10,4040.8,2023-11-10T09:12:21+05:30,10-11-2023,bf8ceac8-b9bf-4426-ba5d-6aef34194b89,NEFT,8646845
DEBIT,UPI,1250,2790.8,2023-11-10T13:36:10+05:30,10-11-2023,33b2d244-724a-45a2-a3be-5bff19944544,UPI/PAYTMgp,
DEBIT,UPI,50,2740.8,2023-11-10T22:05:31+05:30,10-11-2023,03810f5c-a342-4261-81c1-c6dd5837109d,UPI/36801,
CREDIT,OTHERS,3440,6180.8,2023-11-11T09:53:51+05:30,11-11-2023,6c1a5ee0-7414-40a4-9f36-8b6933f0fa83,NEFT,8646845
DEBIT,UPI,40,6140.8,2023-11-11T21:20:25+05:30,11-11-2023,a8ef789c-e018-4091-ae3c-1a8dd3059cee,UPI/33153,
DEBIT,UPI,120,6020.8,2023-11-11T21:59:53+05:30,11-11-2023,a1c54d9d-c9c1-4c41-b7e4-98f8432b533b,UPI/PAYTM,
DEBIT,UPI,30,5990.8,2023-11-11T22:08:55+05:30,11-11-2023,f33055c2-9880-4c3c-b579-bc9dbdba255f,UPI/PAYTMdp,
CREDIT,UPI,170,6160.8,2023-11-12T02:29:54+05:30,11-11-2023,058be90e-d820-42c5-b220-eb68cb6d91e6,UPI/3315,
DEBIT,UPI,330,5830.8,2023-11-12T02:30:36+05:30,11-11-2023,3f84beb9-7021-4782-9647-5ba0284541a3,UPI/3681,
CREDIT,OTHERS,4730,10560.8,2023-11-12T06:36:51+05:30,12-11-2023,edcbfa22-a7c9-45bf-98f3-1b66f9293d78,NEFT,8646845
DEBIT,UPI,1660,8900.8,2023-11-12T11:26:03+05:30,12-11-2023,8b2832e2-79dc-4eec-ae84-d655ce623ccd,UPI/33167,
DEBIT,UPI,50,8850.8,2023-11-12T17:41:52+05:30,12-11-2023,330170cb-557c-4c51-a25f-dd1b3b1d6537,UPI/33165,
DEBIT,UPI,1500,7350.8,2023-11-12T18:28:28+05:30,12-11-2023,2893b10d-01cf-47ef-874a-94b8e5228b5c,UPI/33167,
DEBIT,UPI,420,6930.8,2023-11-13T16:06:13+05:30,13-11-2023,e2c705f9-beb3-4fb4-8c29-2a79c80e1523,UPI/BHARATPE,
DEBIT,UPI,300,6630.8,2023-11-13T19:25:03+05:30,13-11-2023,508c0536-4c4d-428c-85f9-3a72cf1b941f,UPI/PAYTMnp,
DEBIT,UPI,500,6130.8,2023-11-13T19:29:52+05:30,13-11-2023,2dbc636c-ac81-4322-b587-ef23f2665eee,UPI/PAYTMnp,
DEBIT,UPI,239,5891.8,2023-11-14T09:38:19+05:30,14-11-2023,de7e8802-ba29-422f-b0c5-db358c58cac4,UPI/EURONETGPAY,
CREDIT,UPI,1,5892.8,2023-11-14T17:23:20+05:30,14-11-2023,2f4a0006-8083-40fe-aad2-09fe6306597a,UPI/33183,
CREDIT,UPI,1,5893.8,2023-11-14T18:29:20+05:30,14-11-2023,d6f48b90-8c0a-479c-86ab-566a322b65c1,UPI/33187P,
CREDIT,UPI,37999,43892.8,2023-11-14T18:31:11+05:30,14-11-2023,0f82247c-fd15-4d2f-a6c5-cdcb72196f04,UPI/33181,
DEBIT,UPI,1,43891.8,2023-11-14T18:47:58+05:30,14-11-2023,ed150d32-b72f-41de-8175-54316abd8bc8,UPI/PAYTMUP,
DEBIT,UPI,16500,27391.8,2023-11-14T18:49:41+05:30,14-11-2023,6d29d619-312a-4bdc-9371-636828f19d5f,UPI/PAYTMUP,
DEBIT,UPI,2000,25391.8,2023-11-14T19:20:37+05:30,14-11-2023,afd49d96-1e4c-4fe9-9032-b46d7642c1bf,UPI/33187,
DEBIT,UPI,340,25051.8,2023-11-14T19:55:21+05:30,14-11-2023,6b25f87d-9dd5-485a-8edb-fe376d57e6d8,UPI/PAYTM,
DEBIT,UPI,80,24971.8,2023-11-14T20:36:09+05:30,14-11-2023,0030a0d2-6a89-4426-8a0d-49e66a45c790,UPI/33182,
DEBIT,UPI,2000,22971.8,2023-11-15T12:10:30+05:30,15-11-2023,4a9f3653-0a32-446f-9f4d-1e83cc6fbb2f,UPI/3685/P,
CREDIT,UPI,2000,24971.8,2023-11-15T12:10:31+05:30,15-11-2023,b24e9c76-675a-4eb5-a092-da3db90ee063,UPI/REVERSAL,
DEBIT,UPI,2000,22971.8,2023-11-15T12:16:22+05:30,15-11-2023,e8c02bab-2c7c-4299-bfa2-46ca27ac4a9c,UPI/36856/,
DEBIT,UPI,1,22970.8,2023-11-15T17:44:34+05:30,15-11-2023,b30b1251-a428-4d2c-9764-cedbe09ab33a,UPI/36857,
DEBIT,UPI,10000,12970.8,2023-11-15T17:48:21+05:30,15-11-2023,3d2ba381-c2df-42d5-b507-4bcc2bf44905,UPI/36858,
DEBIT,UPI,500,12470.8,2023-11-15T19:08:47+05:30,15-11-2023,887f429e-9db1-49e1-8707-4a5f39882b85,UPI/33194,
DEBIT,UPI,10,12460.8,2023-11-15T20:56:36+05:30,15-11-2023,470bc77a-380a-481f-abda-9434b0dbe745,UPI/36853,
CREDIT,OTHERS,1320,13780.8,2023-11-16T05:34:18+05:30,16-11-2023,3b63ef24-de3c-49db-a7b4-c3eb758795b7,NEFT,8646845
CREDIT,UPI,400,14180.8,2023-11-16T12:33:01+05:30,16-11-2023,bc58e33b-28f7-43fb-ab50-0dfddf2bf456,,
DEBIT,UPI,1000,13180.8,2023-11-16T14:11:07+05:30,16-11-2023,30cd1f8b-6261-43db-b452-515447228351,UPI/33200,
CREDIT,CASH,45000,58180.8,2023-11-16T15:51:14+05:30,16-11-2023,68f475c3-2160-4a3f-b897-06632242aa0c,BY CASH,
CREDIT,OTHERS,270,58450.8,2023-11-17T05:08:11+05:30,17-11-2023,f7c87c2d-5431-46df-89b7-25ce913627cc,NEFT,8646845
DEBIT,UPI,50,58400.8,2023-11-17T08:58:36+05:30,17-11-2023,1f3bd603-8abe-4e04-9c9b-1361e37f52ad,UPI/PAYTMwp,
DEBIT,UPI,2000,56400.8,2023-11-17T12:15:26+05:30,17-11-2023,7d42455e-56a4-4198-8945-86451a4b337e,UPI/36879,
DEBIT,UPI,21000,35400.8,2023-11-17T16:34:54+05:30,17-11-2023,a90254ac-1868-4bca-ac10-61964ac95367,UPI/FASHIONEAZY,
DEBIT,UPI,5200,30200.8,2023-11-17T18:32:29+05:30,17-11-2023,9e5ed584-6d6c-411a-9554-d1bb99972aa1,UPI/36871,
DEBIT,UPI,130,30070.8,2023-11-18T04:15:54+05:30,18-11-2023,d1af2bf6-4719-48f1-b8f1-c8bfe9352db6,UPI/PAYTMwp,
DEBIT,UPI,300,29770.8,2023-11-18T19:06:10+05:30,18-11-2023,632b5bf8-f914-4f72-aa64-bb969d0fe81f,UPI/36881,
CREDIT,OTHERS,600,30370.8,2023-11-19T06:28:19+05:30,19-11-2023,f7df2e6a-503d-4549-874c-48105ad17f2f,NEFT,8646845
DEBIT,UPI,1,30369.8,2023-11-19T17:26:07+05:30,19-11-2023,8b12d93f-d4f5-44c5-af6a-0fe30065dfe0,UPI/PAYTMUP,
DEBIT,UPI,499,29870.8,2023-11-19T17:37:36+05:30,19-11-2023,505c9f34-fa46-4e80-8a63-ac7028b4d457,UPI/PAYTMNA,
DEBIT,UPI,20,29850.8,2023-11-19T21:50:49+05:30,19-11-2023,00d2ee8e-c73f-4576-857a-8b86116fe288,UPI/33234,
CREDIT,OTHERS,1700,31550.8,2023-11-20T03:59:19+05:30,20-11-2023,9eeac9a2-6f46-4520-a72d-26dbca54809e,NEFT,8646845
DEBIT,UPI,200,31350.8,2023-11-20T19:00:31+05:30,20-11-2023,d949c756-f0da-47d8-886b-4a266349697a,UPI/33249,
DEBIT,UPI,45,31305.8,2023-11-20T21:15:17+05:30,20-11-2023,51274ee8-3f86-4bc9-a947-b05ad81f259c,UPI/GPAY,
CREDIT,OTHERS,2200,33505.8,2023-11-21T06:58:21+05:30,21-11-2023,7e3d56df-580b-4b13-a0f4-b16c6e499532,NEFT,8646845
CREDIT,OTHERS,1250,34755.8,2023-11-22T06:42:02+05:30,22-11-2023,88ea01a6-5933-4b8c-a0ed-ce17118cbeb0,NEFT,8646845
DEBIT,UPI,200,34555.8,2023-11-22T18:39:18+05:30,22-11-2023,4346b532-d4f4-4de4-aa8d-b39c03387390,UPI/36921,
DEBIT,UPI,290,34265.8,2023-11-22T21:57:37+05:30,22-11-2023,2cd53cf9-5848-4a2d-8bd7-30cc9846c0ee,UPI/33267,
CREDIT,OTHERS,350,34615.8,2023-11-23T06:18:51+05:30,23-11-2023,ac95c4fc-71ec-44e2-bf53-30a6c5e723ad,NEFT,8646845
CREDIT,UPI,100,34715.8,2023-11-23T21:42:33+05:30,23-11-2023,5ff491fc-1e7f-48fd-a44f-32f9d5053b9f,UPI/33279,
CREDIT,UPI,100,34815.8,2023-11-23T21:46:28+05:30,23-11-2023,ad942ea9-d12b-48d0-9a0c-7c043724c06e,UPI/36936,
CREDIT,OTHERS,1600,36415.8,2023-11-24T07:14:17+05:30,24-11-2023,343b62a0-8530-46dd-b4c2-7f4d87bff9fd,NEFT,8646845
DEBIT,UPI,10,36405.8,2023-11-24T14:59:28+05:30,24-11-2023,cd342f20-d121-492e-a2ed-aecd75a71ea1,UPI/36947,
DEBIT,UPI,201,36204.8,2023-11-24T16:08:39+05:30,24-11-2023,ae0dd897-8e9e-43cf-9922-2f83f71defb0,UPI/JIOINAPPDIRECT/,
DEBIT,UPI,60,36144.8,2023-11-24T21:28:26+05:30,24-11-2023,7434e1b8-a31a-4daf-a3f0-3d5bbd85a091,UPI/33287,
CREDIT,OTHERS,2200,38344.8,2023-11-25T08:30:37+05:30,25-11-2023,64359bb5-001f-4d75-bf3f-5a0f7a83721d,NEFT,8646845
DEBIT,UPI,241,38103.8,2023-11-25T08:53:20+05:30,25-11-2023,d7a24290-3f7c-4a0f-bb10-59a35cadf7a7,UPI/AIRTELPREDIRECT,
DEBIT,UPI,200,37903.8,2023-11-25T19:05:45+05:30,25-11-2023,36d89541-efdd-4969-8c7d-54fd6cbe178a,UPI/33293,
CREDIT,OTHERS,1070,38973.8,2023-11-26T06:21:47+05:30,26-11-2023,1812fb87-0dd6-4172-9978-79aecbd5185e,NEFT,8646845
DEBIT,UPI,1,38972.8,2023-11-26T12:20:28+05:30,26-11-2023,9c98e1bf-3fa4-4993-aec1-1b4a4e1ca220,UPI/33308,
DEBIT,UPI,5000,33972.8,2023-11-26T12:23:45+05:30,26-11-2023,75635fc2-67a3-4539-8e05-ee1a20c78efa,UPI/36963,
CREDIT,OTHERS,950,34922.8,2023-11-27T05:43:45+05:30,27-11-2023,5fc5f6a6-d30c-4463-8f06-837284784066,NEFT,8646845
DEBIT,UPI,120,34802.8,2023-11-27T11:41:51+05:30,27-11-2023,4e2ffce6-1f63-47fd-a074-7fff8772141a,UPI/36978,
DEBIT,UPI,19,34783.8,2023-11-27T23:52:45+05:30,27-11-2023,c166807b-bd8f-413c-8b0c-aa899e3a545d,UPI/JIOINAPPDIRECT/,
CREDIT,OTHERS,800,35583.8,2023-11-28T06:25:14+05:30,28-11-2023,c1d1e376-af63-471a-abe7-4f035facf30d,NEFT,8646845
CREDIT,UPI,100,35683.8,2023-11-28T13:02:05+05:30,28-11-2023,275017b6-a00e-486f-a7f3-e0fb19e98644,UPI/3698,
DEBIT,UPI,150,35533.8,2023-11-28T19:38:03+05:30,28-11-2023,c6e2ea68-9079-40f8-8b4e-a7d294b69741,UPI/36989,
DEBIT,UPI,19,35514.8,2023-11-28T22:19:55+05:30,28-11-2023,115e3d52-56c4-4f3b-9f87-6d8bfc0370e3,UPI/EURONETGPAY,
CREDIT,OTHERS,151,35665.8,2023-11-29T06:16:57+05:30,29-11-2023,5dcb09f6-be85-4846-8914-637047408ee6,NEFT,8646845
DEBIT,UPI,40,35625.8,2023-11-29T12:21:14+05:30,29-11-2023,60c58e3b-a75f-4961-b0ee-96cbaa0ec2f8,UPI/PAYTM,
DEBIT,UPI,19000,16625.8,2023-11-29T16:15:33+05:30,29-11-2023,dfbb98e2-96b0-4992-aed0-acc3c73cd167,UPI/33333,
DEBIT,UPI,12700,3925.8,2023-11-29T17:09:47+05:30,29-11-2023,fa3a4eef-62d7-4983-bec0-de57682a2351,UPI/36992,
DEBIT,UPI,100,3825.8,2023-11-29T18:53:11+05:30,29-11-2023,d0f14f9d-9547-4627-bb53-fa14e241b4f5,UPI/33331,
DEBIT,UPI,1,3824.8,2023-11-29T19:04:54+05:30,29-11-2023,6c302bab-ff0d-4507-ac15-bf2df72368f3,UPI/36990,
DEBIT,UPI,1,3823.8,2023-11-29T19:15:03+05:30,29-11-2023,95e029ef-d7fb-452e-bfd9-7a537166c523,UPI/3699,
CREDIT,UPI,2000,5823.8,2023-11-29T19:15:25+05:30,29-11-2023,6743eb41-36cc-4ab6-ac49-2c1812d28960,UPI/3699,
DEBIT,UPI,90,5733.8,2023-11-29T20:00:56+05:30,29-11-2023,aad12703-8c25-4ce0-b63a-2a2bf2523f35,UPI/PAYTMfp,
CREDIT,OTHERS,1500,7233.8,2023-12-01T08:37:06+05:30,01-12-2023,3ff4cfb5-eec0-42e2-b00b-f2fb7d63416f,NEFT,8646845
DEBIT,UPI,40,7193.8,2023-12-01T17:48:18+05:30,01-12-2023,bd4a809c-2513-455a-8eae-115c1ecb11de,UPI/33357,
DEBIT,UPI,199,6994.8,2023-12-01T18:39:14+05:30,01-12-2023,3de3b4c1-b1c2-49af-9a0a-6ba45e489cb5,UPI/BILLDESKRECHARGE,
DEBIT,UPI,250,6744.8,2023-12-01T21:59:01+05:30,01-12-2023,014c4796-9ad0-473d-83bb-357fcea8e152,UPI/33354,
CREDIT,OTHERS,600,7344.8,2023-12-02T06:40:09+05:30,02-12-2023,8a2f5e55-dfdd-427f-8870-0150f68cc498,NEFT,8646845
DEBIT,UPI,500,6844.8,2023-12-02T15:54:24+05:30,02-12-2023,53009bee-6c73-4d5d-958f-b3258f552391,UPI/3702,
DEBIT,UPI,40,6804.8,2023-12-02T22:01:38+05:30,02-12-2023,b6c5da26-8ed8-49c5-ba4a-bf31127ce418,UPI/33369,
CREDIT,OTHERS,1450,8254.8,2023-12-03T11:45:16+05:30,03-12-2023,67290c96-fe8b-44b2-9ab3-4c4b3b046cb7,NEFT,8646845
DEBIT,UPI,1000,7254.8,2023-12-03T14:02:06+05:30,03-12-2023,942d6886-8012-4678-93a2-b100cbd039f5,UPI/3703,
CREDIT,OTHERS,900,8154.8,2023-12-04T05:01:01+05:30,04-12-2023,048a160c-23ad-481e-a0ff-578c6fa5691a,NEFT,8646845
DEBIT,UPI,239,7915.8,2023-12-04T13:19:24+05:30,04-12-2023,7e563d6a-9bd2-4e92-98d6-d1d5198fcd77,UPI/BILLDESKRECHARGE,
DEBIT,UPI,1550,6365.8,2023-12-04T18:05:44+05:30,04-12-2023,9cffe60a-004d-4301-be5d-65fec77679d4,UPI/37044,
CREDIT,OTHERS,7560,13925.8,2023-12-05T07:08:30+05:30,05-12-2023,235cd63f-42dc-4c6c-937d-5edceea0515a,NEFT,8646845
DEBIT,UPI,60,13865.8,2023-12-05T11:03:34+05:30,05-12-2023,fbcbe993-694a-41b5-af91-b8849e09696d,UPI/PAYTM,
DEBIT,UPI,13000,865.8,2023-12-05T15:50:06+05:30,05-12-2023,069c0e2e-c49f-4381-b345-9fa78ad7005f,UPI/BHARATPE,
DEBIT,UPI,200,665.8,2023-12-05T23:14:29+05:30,05-12-2023,9407b42d-53e7-482b-a58e-bace37332a4a,UPI/33395,
DEBIT,UPI,138,527.8,2023-12-06T22:50:22+05:30,06-12-2023,8c80c555-956d-49d3-99f6-b69bf42fa411,UPI/37063,
CREDIT,UPI,150,677.8,2023-12-07T10:23:24+05:30,07-12-2023,4840038d-9187-4690-9906-5e43c57e89e3,UPI/3707,
DEBIT,UPI,18,659.8,2023-12-07T21:50:04+05:30,07-12-2023,6d952ab3-15ac-4eb6-8b62-a0359ab885b6,UPI/33416,
DEBIT,UPI,70,589.8,2023-12-07T22:07:21+05:30,07-12-2023,c1bafebb-16c3-4b5f-a04f-84120657b604,UPI/37071,
CREDIT,OTHERS,1630,2219.8,2023-12-08T06:03:54+05:30,08-12-2023,f440e241-295e-4d32-a083-38ba7ef51113,NEFT,8646845
DEBIT,UPI,40,2179.8,2023-12-08T10:25:11+05:30,08-12-2023,a4235b82-f486-4a3e-b916-06be83f5f799,UPI/GPAY,
DEBIT,UPI,35,2144.8,2023-12-08T22:12:01+05:30,08-12-2023,2e3bed8e-65ec-4ea4-99ad-01a8874875d5,UPI/PAYTMnp,
CREDIT,OTHERS,210,2354.8,2023-12-09T06:39:54+05:30,09-12-2023,3640935a-3ece-4d18-8870-c57f78152f20,NEFT,8646845
DEBIT,UPI,120,2234.8,2023-12-09T12:24:30+05:30,09-12-2023,8ec29c92-1ba8-46a2-8d4f-a366ba1af469,UPI/37090,
DEBIT,UPI,40,2194.8,2023-12-09T22:09:46+05:30,09-12-2023,17e18e42-31d4-486a-8b20-992584eecf4f,UPI/33430,
CREDIT,OTHERS,450,2644.8,2023-12-10T05:33:23+05:30,10-12-2023,dc1772d9-fcab-47f0-8577-4dfafb04b996,NEFT,8646845
DEBIT,UPI,10,2634.8,2023-12-10T21:24:06+05:30,10-12-2023,8cd2ad3f-fa1b-4f03-8fc2-a4f280b5dc67,UPI/3710,
DEBIT,UPI,5,2629.8,2023-12-10T22:11:14+05:30,10-12-2023,acc4f7ef-860b-4467-a566-94afb81e865f,UPI/37101-,
CREDIT,OTHERS,2300,4929.8,2023-12-11T07:09:02+05:30,11-12-2023,8a6d2118-2ffb-4bf2-a909-bb18224dc396,NEFT,8646845
DEBIT,UPI,30,4899.8,2023-12-11T22:04:19+05:30,11-12-2023,1525ce13-ba65-4d9c-9b70-512ff424ee7a,UPI/33458,
CREDIT,OTHERS,400,5299.8,2023-12-12T09:50:35+05:30,12-12-2023,824eedf2-cdec-4fa4-a64e-2571db8c400b,NEFT,8646845
DEBIT,UPI,239,5060.8,2023-12-12T14:45:43+05:30,12-12-2023,8808c52c-487f-4c1a-a174-030cebd5dd51,UPI/BILLDESKRECHARGE,
CREDIT,OTHERS,2150,7210.8,2023-12-13T07:46:51+05:30,13-12-2023,89d35324-ffed-4553-ae23-fe785440b61c,NEFT,8646845
DEBIT,UPI,55,7155.8,2023-12-13T10:29:35+05:30,13-12-2023,a59ffb85-69d7-4c1d-b194-32d1c1d21160,UPI/37133,
DEBIT,UPI,300,6855.8,2023-12-13T16:56:42+05:30,13-12-2023,e5f9a203-43cf-45d0-9ee7-13b83ebc7c5a,UPI/BHARATPE,
DEBIT,UPI,195,6660.8,2023-12-13T21:09:37+05:30,13-12-2023,66ac8fe7-7c35-4ff3-afb1-42b4417e335c,UPI/37136,
CREDIT,OTHERS,550,7210.8,2023-12-14T07:41:17+05:30,14-12-2023,50944c66-968b-4497-83e0-e6851e0cc277,NEFT,8646845
DEBIT,UPI,10,7200.8,2023-12-14T10:47:17+05:30,14-12-2023,eb6c2f3d-fda7-4f6e-b1b5-1da1e8c31e0c,UPI/33481,
DEBIT,UPI,2000,5200.8,2023-12-14T17:25:19+05:30,14-12-2023,d2487a4d-ff70-479d-b733-e05dcc85e312,UPI/37144,
DEBIT,UPI,30,5170.8,2023-12-15T10:37:43+05:30,15-12-2023,da2103a4-9c9e-4c6a-85a1-52c3b4183238,UPI/37157,
CREDIT,OTHERS,700,5870.8,2023-12-16T07:49:37+05:30,16-12-2023,17ad766b-af37-40c5-b682-d7dcf5c477f0,NEFT,8646845
DEBIT,UPI,30,5840.8,2023-12-16T12:27:35+05:30,16-12-2023,8bc13a32-b96d-48cc-b3f4-44347d2bfa51,UPI/GPAY,
DEBIT,UPI,500,5340.8,2023-12-16T19:12:46+05:30,16-12-2023,61394046-351b-4ec4-a76c-d22a1ce7a56e,UPI/33502,
CREDIT,OTHERS,1100,6440.8,2023-12-17T07:54:58+05:30,17-12-2023,1cb1dd5c-9dcd-42b2-b64d-e346ef69d09d,NEFT,8646845
CREDIT,UPI,500,6940.8,2023-12-17T10:31:15+05:30,17-12-2023,1bd57b7d-e4d7-4c38-ba41-4217b0e19660,UPI/33518,
DEBIT,UPI,120,6820.8,2023-12-17T10:34:36+05:30,17-12-2023,0012eaa8-368a-4e35-b3c0-a95b33e8cd96,UPI/37176,
DEBIT,UPI,20,6800.8,2023-12-17T17:08:49+05:30,17-12-2023,d435bb20-9bd2-414a-bf2c-5e4f55769f08,UPI/33519,
DEBIT,UPI,30,6770.8,2023-12-17T22:13:10+05:30,17-12-2023,738ed782-9779-4e4d-a0ff-018c97d91632,UPI/3717,
CREDIT,OTHERS,1150,7920.8,2023-12-18T03:35:02+05:30,18-12-2023,2fac0273-e8a0-4ede-ba72-406f9b86361e,NEFT,8646845
DEBIT,UPI,1300,6620.8,2023-12-18T14:10:53+05:30,18-12-2023,74391594-4b0a-4e9d-8349-9bb8270850f0,UPI/37185/,
CREDIT,OTHERS,1820,8440.8,2023-12-18T19:03:32+05:30,18-12-2023,4d7c974b-2ebd-40b9-ab59-6fe7d3209753,IMPS,
DEBIT,UPI,40,8400.8,2023-12-19T10:42:35+05:30,19-12-2023,8b6884ea-2f8e-42e1-ab66-0145777135bb,UPI/PAYTMgp,
DEBIT,UPI,500,7900.8,2023-12-19T18:38:36+05:30,19-12-2023,cab97d3e-5468-4e30-bbfd-3067cfb83384,UPI/33535,
DEBIT,UPI,25,7875.8,2023-12-19T21:13:49+05:30,19-12-2023,6c999f83-d09c-4d71-864f-64c31fde893a,UPI/PAYTMvp,
CREDIT,OTHERS,1100,8975.8,2023-12-20T05:29:58+05:30,20-12-2023,fa0a0894-4dbe-46d1-b601-aedc49fd803a,NEFT,8646845
DEBIT,UPI,900,8075.8,2023-12-20T15:07:42+05:30,20-12-2023,27da12ab-450e-4b8c-b7e2-34e090da6f25,UPI/37208,
CREDIT,OTHERS,1175.51,9251.31,2023-12-21T05:13:39+05:30,21-12-2023,e24aee89-6149-4ac9-89eb-76eb8503c08d,NEFT,8646845
CREDIT,UPI,300,9551.31,2023-12-21T15:23:52+05:30,21-12-2023,d06f3238-931b-4299-87a6-0fed0b5c1ce1,,
DEBIT,UPI,500,9051.31,2023-12-21T19:07:06+05:30,21-12-2023,1dca6210-82bd-4786-888d-eab1f5510d35,UPI/37210,
CREDIT,OTHERS,2440,11491.31,2023-12-22T06:07:33+05:30,22-12-2023,a4ed9eb6-61da-4cf5-ae2b-c82f01d92ae5,NEFT,8646845
DEBIT,UPI,30,11461.31,2023-12-22T19:51:31+05:30,22-12-2023,ad3456cf-708e-42c3-a4ab-0e1b010b78ba,UPI/37227,
DEBIT,UPI,25,11436.31,2023-12-22T19:57:17+05:30,22-12-2023,f8d5c5ec-f06b-4077-ab4a-d9654f079fdd,UPI/37226,
CREDIT,OTHERS,2730,14166.31,2023-12-23T08:18:27+05:30,23-12-2023,bb67ffaf-673e-4001-88a8-3fe5525e8547,NEFT,8646845
DEBIT,UPI,240.9,13925.41,2023-12-23T11:57:15+05:30,23-12-2023,78842830-5518-49e4-98d7-1d18237b8900,UPI/EURONETGPAY,
DEBIT,UPI,15,13910.41,2023-12-23T12:13:42+05:30,23-12-2023,1379293d-e6de-490d-a4c8-c8ccbc222f55,UPI/GPAYBILLREACHARGE,
CREDIT,OTHERS,800,14710.41,2023-12-24T06:08:56+05:30,24-12-2023,c4c402ee-91b0-4c1b-b343-cd5d4b6ad4b4,NEFT,8646845
DEBIT,UPI,55,14655.41,2023-12-24T10:27:47+05:30,24-12-2023,11492697-fa31-47ab-a78d-cc61497d4aa5,UPI/37249,
DEBIT,UPI,3000,11655.41,2023-12-24T18:11:58+05:30,24-12-2023,66741393-18f7-4753-9623-6b0e092077eb,UPI/33584,
DEBIT,UPI,500,11155.41,2023-12-24T18:45:51+05:30,24-12-2023,5028b245-0d4b-4efc-afb5-167c28362579,UPI/33586,
DEBIT,UPI,500,10655.41,2023-12-24T19:31:40+05:30,24-12-2023,852f4b65-53cf-40b6-96c7-d6fd5175cbae,UPI/37240,
DEBIT,UPI,100,10555.41,2023-12-24T21:29:53+05:30,24-12-2023,4fbf0fac-deec-4188-a05b-35cbf08cef1a,UPI/BHARATPE6,
DEBIT,UPI,1000,9555.41,2023-12-25T11:14:05+05:30,25-12-2023,a95a11cb-13da-4251-87ba-0e756e454568,UPI/37256,
CREDIT,UPI,700,10255.41,2023-12-25T12:12:22+05:30,25-12-2023,0023242d-1db9-4e07-8220-f9641e53f407,UPI/33597,
CREDIT,UPI,1,10256.41,2023-12-25T13:04:24+05:30,25-12-2023,5b80c7f9-951b-438f-952c-47221d453adb,UPI/33592/goog-payment,
DEBIT,UPI,2400,7856.41,2023-12-25T20:21:17+05:30,25-12-2023,9ccad65c-9862-4d10-9f9b-7d23080cb7b1,UPI/33594,
DEBIT,UPI,2520,5336.41,2023-12-25T20:45:46+05:30,25-12-2023,180cf57a-a5c1-499f-b244-c1a7f947fd02,UPI/37252,
CREDIT,OTHERS,850,6186.41,2023-12-26T06:54:12+05:30,26-12-2023,88dc08eb-4d59-49dd-b0aa-e78d9add4e2c,NEFT,8646845
CREDIT,OTHERS,200,6386.41,2023-12-27T05:09:47+05:30,27-12-2023,1e037adf-c2e8-49c6-a9f7-2b73bbdc34cc,NEFT,8646845
DEBIT,UPI,240.9,6145.51,2023-12-27T15:30:42+05:30,27-12-2023,639e951c-916f-4215-953c-97d751ce6ed8,UPI/EURONETGPAY,
DEBIT,UPI,5000,1145.51,2023-12-27T15:39:10+05:30,27-12-2023,24c9cfcd-9ea9-411f-85df-98faebff3b25,UPI/33610,
DEBIT,UPI,500,645.51,2023-12-27T18:49:55+05:30,27-12-2023,9a3605e0-3524-4ec7-83da-85fb7675ebb9,UPI/37273,
DEBIT,UPI,500,145.51,2023-12-27T18:55:23+05:30,27-12-2023,193526b9-3727-4792-94a4-db19dd9f5ea7,UPI/33613,
DEBIT,UPI,15,130.51,2023-12-27T21:55:29+05:30,27-12-2023,7f1d2a75-1a8b-436a-be96-06bb383a7153,UPI/3727,
CREDIT,OTHERS,228,358.51,2023-12-28T04:55:22+05:30,28-12-2023,862ad5d8-cf18-4308-a3e6-4c7bc06c34df,NEFT,8646845
DEBIT,UPI,20,338.51,2023-12-28T22:12:41+05:30,28-12-2023,6bc28a65-1437-4c07-aa79-c9b563bc5265,UPI/3728,
CREDIT,OTHERS,550,888.51,2023-12-29T06:00:15+05:30,29-12-2023,62254c56-0884-4f06-bf06-2bc1264348b3,NEFT,8646845
DEBIT,UPI,10,878.51,2023-12-29T20:35:44+05:30,29-12-2023,237a72cd-64e9-4ae3-92a1-c7eba58fa216,UPI/3729,
DEBIT,UPI,500,378.51,2023-12-30T18:25:07+05:30,30-12-2023,62202a0c-8ad2-4b14-ac71-f60b6d75f61e,UPI/33647,
DEBIT,UPI,78,300.51,2023-12-30T21:51:53+05:30,30-12-2023,4137df5c-c8b0-4f8c-b0ff-a0618ab05e36,UPI/3730,
CREDIT,OTHERS,1059,1359.51,2023-12-31T08:21:10+05:30,31-12-2023,aa0dcff2-c956-46a6-96ce-efbdf01d5d9b,NEFT,8646845
CREDIT,UPI,700,2059.51,2023-12-31T16:41:01+05:30,31-12-2023,55476aac-ad49-4aaf-84b8-95c06cfe2b22,UPI/3731,
CREDIT,OTHERS,250,2309.51,2024-01-01T03:54:55+05:30,01-01-2024,e5c67e48-2712-413e-a53d-6dd9996e11ae,NEFT,8646845
CREDIT,UPI,5000,7309.51,2024-01-01T18:37:59+05:30,01-01-2024,b20c5a06-a9ec-4f85-b905-f5f595851a46,UPI/4367,
CREDIT,OTHERS,900,8209.51,2024-01-01T18:40:22+05:30,01-01-2024,2996bcc7-9f66-4df3-8e7c-09a8fa75163a,IMPS,
DEBIT,UPI,1720,6489.51,2024-01-01T19:53:46+05:30,01-01-2024,45bd7eda-edf6-4d6a-abef-ca41658bb597,UPI/43677,
CREDIT,UPI,120,6609.51,2024-01-01T19:54:34+05:30,01-01-2024,198742d6-1048-43de-aa4e-41cc27c472e0,UPI/40013/,
DEBIT,UPI,3375,3234.51,2024-01-01T20:06:06+05:30,01-01-2024,c15cb3cc-f7f3-4876-a2d1-55bbdea480f0,UPI/43672,
DEBIT,UPI,500,2734.51,2024-01-02T18:34:13+05:30,02-01-2024,cf816ca2-9fc0-4e43-b8ce-6e8a8f22211c,UPI/43681,
DEBIT,UPI,60,2674.51,2024-01-02T19:57:49+05:30,02-01-2024,8ee308dd-abf8-4647-a620-446e808ed0ef,UPI/43683,
DEBIT,UPI,250,2424.51,2024-01-02T21:04:45+05:30,02-01-2024,451c2fc7-caaa-43e6-a9d9-f1fef5f04fd5,UPI/43685,
CREDIT,OTHERS,70,2494.51,2024-01-03T06:24:58+05:30,03-01-2024,5d37f0e9-2445-4da1-8f90-9db6918dffb7,NEFT,8646845
DEBIT,UPI,20,2474.51,2024-01-03T20:43:57+05:30,03-01-2024,5f4d9d8c-ad15-4521-a4ef-78ce8a7bc41f,UPI/43699,
CREDIT,OTHERS,600,3074.51,2024-01-04T05:55:55+05:30,04-01-2024,1862c07d-6102-47a5-8cfe-9be7d7ac500f,NEFT,8646845
DEBIT,UPI,1500,1574.51,2024-01-04T18:29:40+05:30,04-01-2024,f7cdffdc-88ab-4e12-a0cd-fc8afb8cedcf,UPI/BHARATPE,
DEBIT,UPI,241,1333.51,2024-01-04T19:59:28+05:30,04-01-2024,ab016bb8-dfba-4171-8adf-2e4737c99d8b,UPI/JIOINAPPDIRECT/,
CREDIT,OTHERS,550,1883.51,2024-01-06T06:21:32+05:30,06-01-2024,1115107b-8f3c-4048-a6bf-cd73d8ca2315,NEFT,8646845
DEBIT,UPI,1500,383.51,2024-01-06T14:07:33+05:30,06-01-2024,4d94c4b0-086b-4f5c-a7c7-fd861ef2a2f6,UPI/PAYTMUP,
CREDIT,OTHERS,2100,2483.51,2024-01-08T04:11:11+05:30,08-01-2024,ce4a5a75-f6f6-469f-a474-6af88d46068a,NEFT,8646845
DEBIT,UPI,500,1983.51,2024-01-08T13:10:34+05:30,08-01-2024,f8d997e5-7366-4a8f-bdd2-db5f3255c418,UPI/43747/,
DEBIT,UPI,500,1483.51,2024-01-08T18:48:50+05:30,08-01-2024,714a7169-2cb5-4d1b-b862-26ee6df6534f,UPI/40084/,
DEBIT,UPI,200,1283.51,2024-01-08T21:55:11+05:30,08-01-2024,ea3b8828-50eb-4c18-826d-badcc15f5f44,UPI/40086/,
DEBIT,UPI,240.9,1042.61,2024-01-09T14:48:22+05:30,09-01-2024,04a2fd59-6e28-4bea-841b-eb19416faace,UPI/EURONETGPAY,
DEBIT,UPI,15,1027.61,2024-01-09T19:07:56+05:30,09-01-2024,0bf5340d-2711-4f50-971d-0f218701732f,UPI/GPAYBILLREACHARGE,
DEBIT,UPI,300,727.61,2024-01-09T19:25:49+05:30,09-01-2024,02fb796f-83a5-4935-bd8a-94a2d5545f0c,UPI/GPAY,
CREDIT,OTHERS,790,1517.61,2024-01-10T05:21:07+05:30,10-01-2024,264fc9ff-d326-4ff3-b453-23596ce53c7a,NEFT,8646845
DEBIT,UPI,500,1017.61,2024-01-10T19:04:49+05:30,10-01-2024,fefda690-3a17-4220-83c2-9efa5f59b365,UPI/40101,
DEBIT,UPI,140,877.61,2024-01-10T20:22:52+05:30,10-01-2024,70b8c222-792d-4db2-a7b4-f1922e0ac67b,UPI/40108,
CREDIT,UPI,1,878.61,2024-01-10T21:01:34+05:30,10-01-2024,acf395c0-4bf7-4767-8821-e0a099972b69,UPI/4376,
CREDIT,UPI,1999,2877.61,2024-01-10T21:06:24+05:30,10-01-2024,ed0cd356-1ae5-43f4-8178-c22ff9fe61ed,UPI/4376,
DEBIT,UPI,1000,1877.61,2024-01-11T14:34:37+05:30,11-01-2024,a9ff7b75-7cac-4d51-9e3b-2d78c9af1965,UPI/43775,
CREDIT,OTHERS,470,2347.61,2024-01-12T04:37:24+05:30,12-01-2024,62c9d5e2-428e-4a79-bd11-92d8f07db62c,NEFT,8646845
DEBIT,UPI,110,2237.61,2024-01-12T10:29:19+05:30,12-01-2024,c7cbcd85-01cf-4dc9-b995-fccb5906ff33,UPI/43787,
CREDIT,OTHERS,690,2927.61,2024-01-12T18:18:12+05:30,12-01-2024,e96afe40-f953-486a-8a3b-e031a1901448,IMPS,
DEBIT,UPI,220,2707.61,2024-01-12T21:32:52+05:30,12-01-2024,3fe91676-7889-4829-a932-6d8b2755cb08,UPI/40123,
DEBIT,UPI,500,2207.61,2024-01-13T18:45:23+05:30,13-01-2024,4e5f8715-5a80-43d6-bf83-56a26a12d55d,UPI/43791,
DEBIT,UPI,350,1857.61,2024-01-13T19:33:41+05:30,13-01-2024,7e3b7c17-647b-45b7-8baf-79d338c2a6fd,UPI/PAYTM,
DEBIT,UPI,100,1757.61,2024-01-13T19:38:59+05:30,13-01-2024,c1795188-ceec-4f70-a41f-b54e5ca02f5d,UPI/40135,
CREDIT,OTHERS,290,2047.61,2024-01-14T06:39:15+05:30,14-01-2024,2d13afe7-357d-425c-a331-09ce27110425,NEFT,8646845
DEBIT,UPI,15,2032.61,2024-01-14T21:21:31+05:30,14-01-2024,f5e5f32a-7d3e-427d-a391-3c8ede50d9c5,UPI/BILLDESKRECHARGE,
DEBIT,UPI,110,1922.61,2024-01-15T11:18:03+05:30,15-01-2024,21b1114b-b2dd-46c5-b71d-7b261bc4fb63,UPI/43817,
DEBIT,UPI,80,1842.61,2024-01-15T19:45:32+05:30,15-01-2024,d070801c-7401-4b6f-bc6f-33a8e5a840f1,UPI/43811,
CREDIT,OTHERS,1500,3342.61,2024-01-16T05:07:02+05:30,16-01-2024,1b937e4f-f0f1-41d8-9dad-ec57557ffef6,NEFT,8646845
DEBIT,UPI,10,3332.61,2024-01-16T19:10:49+05:30,16-01-2024,55b413a1-929e-418d-b353-f3867142573c,UPI/43824,
CREDIT,UPI,150,3482.61,2024-01-16T21:35:13+05:30,16-01-2024,a1143671-1045-46d8-8f37-fe367402e90e,UPI/40168/,
DEBIT,UPI,10,3472.61,2024-01-17T11:51:02+05:30,17-01-2024,0da5a399-c646-4b72-aa52-8d009ca1a91c,UPI/GPAY,
DEBIT,UPI,10,3462.61,2024-01-17T20:20:55+05:30,17-01-2024,45778d12-35b5-412d-b6e4-ef3882626971,UPI/4383,
DEBIT,UPI,300,3162.61,2024-01-18T18:49:59+05:30,18-01-2024,2e32ecbb-f985-43d6-8993-a41220da1f0a,UPI/43846,
DEBIT,UPI,15,3147.61,2024-01-18T19:51:29+05:30,18-01-2024,7fa370c4-156e-413a-a692-e597f5ce0483,Gpay BILL Payment,
DEBIT,UPI,240.9,2906.71,2024-01-19T11:59:03+05:30,19-01-2024,e785ff49-b468-4823-a5ef-e441e86f9b6f,UPI/EURONETGPAY,
DEBIT,UPI,500,2406.71,2024-01-19T16:40:07+05:30,19-01-2024,a52446ee-379a-4d3f-9ea2-b77924d94cb1,UPI/43857/,
DEBIT,UPI,155,2251.71,2024-01-19T20:31:13+05:30,19-01-2024,4a553536-d496-4f81-9e10-ee18ecbc34dc,UPI/43856/,
CREDIT,OTHERS,90,2341.71,2024-01-20T05:18:36+05:30,20-01-2024,3643d209-2c06-4e4c-870f-ba26700256c7,NEFT,8646845
CREDIT,OTHERS,580,2921.71,2024-01-21T06:02:52+05:30,21-01-2024,8481b283-de2a-4f1d-aa70-ec139e19ddfb,NEFT,8646845
DEBIT,UPI,300,2621.71,2024-01-21T19:06:36+05:30,21-01-2024,6387b594-6998-47c4-bc67-75f6d22c97c2,UPI/43876,
DEBIT,UPI,50,2571.71,2024-01-21T19:34:28+05:30,21-01-2024,61dc4e95-c640-4fb5-8497-5b76fc6ef8cc,UPI/PAYTM,
DEBIT,UPI,10,2561.71,2024-01-22T13:46:05+05:30,22-01-2024,24da6ab1-cf94-447f-862f-04a7da71e23e,UPI/40220/UP,
CREDIT,OTHERS,350,2911.71,2024-01-24T04:34:42+05:30,24-01-2024,2a1f7267-bfc4-418b-b545-639119d674e8,NEFT,8646845
DEBIT,UPI,240.9,2670.81,2024-01-24T17:47:55+05:30,24-01-2024,c86f88f3-0dda-4247-a903-f66640ce38ec,Gpay BILL Payment,
DEBIT,UPI,500,2170.81,2024-01-24T18:42:09+05:30,24-01-2024,0746569b-5e27-437f-84aa-9f06e4286be7,UPI/40246,
CREDIT,OTHERS,300,2470.81,2024-01-26T05:16:51+05:30,26-01-2024,eef93922-2306-4b7d-93d5-c95986a33666,NEFT,8646845
DEBIT,UPI,260,2210.81,2024-01-26T19:20:40+05:30,26-01-2024,1341bb31-78dc-4d05-88a7-a971235de080,UPI/43923-,
CREDIT,OTHERS,550,2760.81,2024-01-27T04:18:22+05:30,27-01-2024,f489760e-afcc-45d5-9a73-9ce9d7c52f5f,NEFT,8646845
DEBIT,UPI,120,2640.81,2024-01-27T10:40:05+05:30,27-01-2024,46c5404b-1418-423a-bd01-e4e4310461c5,UPI/43933,
DEBIT,UPI,500,2140.81,2024-01-27T18:58:28+05:30,27-01-2024,6a348480-54f6-4ee7-87bc-86a7312a5709,UPI/40278,
DEBIT,UPI,35,2105.81,2024-01-27T20:20:33+05:30,27-01-2024,c76f9685-7f8e-4bba-8477-1253137a3ef5,UPI/40279,
CREDIT,OTHERS,1720,3825.81,2024-01-28T04:16:50+05:30,28-01-2024,1f8b3234-a7be-47e7-bfe6-b369a62c4a18,NEFT,8646845
DEBIT,UPI,15,3810.81,2024-01-28T13:58:21+05:30,28-01-2024,31452e9f-03fd-4d51-aa53-e51ef763c2eb,UPI/BILLDESKRECHARGE,
DEBIT,UPI,800,3010.81,2024-01-28T14:37:28+05:30,28-01-2024,debc511b-ad48-4d6a-a7d6-07232fd917fe,UPI/43941,
DEBIT,UPI,50,2960.81,2024-01-28T20:02:17+05:30,28-01-2024,118471d8-da4d-4b27-bfea-94539b969998,UPI/BHARATPE6,
CREDIT,OTHERS,1850,4810.81,2024-01-29T04:36:54+05:30,29-01-2024,5bb081ab-1a92-4b2e-a6f4-2c9cc7580ce1,NEFT,8646845
CREDIT,UPI,100,4910.81,2024-01-29T21:07:49+05:30,29-01-2024,9b39127d-c6b9-48df-a402-0e584deb0560,UPI/40295/,
CREDIT,OTHERS,800,5710.81,2024-01-30T06:36:50+05:30,30-01-2024,d41d0c9b-b7a9-47d0-a10f-b26c69a5dbc1,NEFT,8646845
DEBIT,UPI,80,5630.81,2024-01-30T10:44:32+05:30,30-01-2024,349f18e4-cd8c-48f3-b550-f2121e8aba84,UPI/40300/,
DEBIT,UPI,7,5623.81,2024-01-30T15:13:21+05:30,30-01-2024,3de88f18-de2e-4291-91ff-e7074f11180e,UPI/BHARATPE,
DEBIT,UPI,500,5123.81,2024-01-30T19:07:51+05:30,30-01-2024,f0b28162-2bce-4103-b00d-aa1b80fd80c3,UPI/40308,
CREDIT,OTHERS,207,5330.81,2024-01-31T05:15:11+05:30,31-01-2024,f158a569-b980-4e45-a944-31b42a31d557,NEFT,8646845
DEBIT,UPI,5000,330.81,2024-01-31T14:55:18+05:30,31-01-2024,73617a32-1890-46c5-bb78-b8a858d966fd,UPI/43972,
CREDIT,UPI,100,430.81,2024-01-31T19:17:57+05:30,31-01-2024,7c8fce48-1a00-461b-b6e3-af37130eee0c,UPI/43970/,
DEBIT,UPI,100,330.81,2024-01-31T19:58:20+05:30,31-01-2024,809adb3c-d3ef-4b7a-b146-2802f3f35753,UPI/43975,
CREDIT,OTHERS,900,1230.81,2024-02-01T05:28:38+05:30,01-02-2024,08a34f7b-850e-457e-a038-0b000f4d6847,NEFT,8646845
DEBIT,UPI,19,1211.81,2024-02-01T18:31:37+05:30,01-02-2024,4f8b69e5-2851-4253-8a0f-ecff15cc9e25,UPI/EURONETGPAY,
CREDIT,OTHERS,58,1269.81,2024-02-03T09:29:49+05:30,31-01-2024,cae6321d-8ab5-49f2-b02d-843cd3714362,5188810000,
CREDIT,UPI,200,1469.81,2024-02-03T18:53:39+05:30,03-02-2024,ce72ebe9-c56f-40b3-a370-c94123047f03,UPI/40344/,
DEBIT,UPI,400,1069.81,2024-02-03T19:58:44+05:30,03-02-2024,cda774a4-0998-4448-b64b-d38c751b6046,UPI/BHARATPE,
DEBIT,UPI,50,1019.81,2024-02-03T21:01:22+05:30,03-02-2024,bf600bd4-ff26-4656-8075-1330fc2bfeab,UPI/BHARATPE6,
DEBIT,UPI,120,899.81,2024-02-03T21:04:22+05:30,03-02-2024,dffb7b0b-809d-4693-b9d3-39cb325ab763,UPI/40340/,
CREDIT,OTHERS,800,1699.81,2024-02-04T06:58:51+05:30,04-02-2024,77909c14-8e91-4e22-8eb5-22d1a9c9fd70,NEFT,8646845
DEBIT,UPI,120,1579.81,2024-02-04T19:50:17+05:30,04-02-2024,328ac14b-ef6c-458b-b092-dd9824a77f94,UPI/40353,
DEBIT,UPI,50,1529.81,2024-02-05T12:32:51+05:30,05-02-2024,88d1bfe6-2c26-4dd2-b0e7-cd5fb5c5ccae,UPI/44024/,
DEBIT,UPI,500,1029.81,2024-02-05T18:21:15+05:30,05-02-2024,e7959102-13e1-47f3-a99f-347df1210bad,UPI/44022/U,
DEBIT,UPI,150,879.81,2024-02-05T18:41:54+05:30,05-02-2024,467a3d65-2ad0-4f2c-b016-25c1663e8fb7,UPI/BHARATPE,
DEBIT,UPI,10,869.81,2024-02-06T11:15:11+05:30,06-02-2024,1575967c-306e-4a3e-bc03-1a9be7cbdf23,UPI/40379,
DEBIT,UPI,200,669.81,2024-02-07T19:10:09+05:30,07-02-2024,7b9eb3f7-923f-459a-a9d7-af5ee039bd7e,UPI/44049,
DEBIT,UPI,10,659.81,2024-02-07T21:22:08+05:30,07-02-2024,ae8b77c8-30cb-4342-ad58-cc2f00e44242,UPI/4404,
CREDIT,OTHERS,2600,3259.81,2024-02-08T07:59:15+05:30,08-02-2024,61b9360f-31da-4c9d-97ae-5ea710d1891b,NEFT,8646845
DEBIT,UPI,50,3209.81,2024-02-08T13:35:09+05:30,08-02-2024,8ebd0800-7e9e-4590-832d-153baecaada8,UPI/40397,
DEBIT,UPI,120,3089.81,2024-02-08T14:25:59+05:30,08-02-2024,2b43e999-36ab-4f34-916c-9d86d25799cc,UPI/PAYTM,
DEBIT,UPI,240,2849.81,2024-02-08T20:34:42+05:30,08-02-2024,7ce9315c-ed05-4556-b612-d0e08e5cb385,UPI/40391,
DEBIT,UPI,100,2749.81,2024-02-09T15:58:47+05:30,09-02-2024,95b1eec3-0171-4116-b682-4059d2a7bc24,UPI/PAYTM,
CREDIT,OTHERS,750,3499.81,2024-02-10T06:47:12+05:30,10-02-2024,0a69922e-7224-4efd-9a72-3dcbd3aec1e3,NEFT,8646845
DEBIT,UPI,500,2999.81,2024-02-10T19:05:57+05:30,10-02-2024,47c6ee84-d148-4fd1-805a-888e13d4634e,UPI/40411,
DEBIT,UPI,15,2984.81,2024-02-11T14:56:13+05:30,11-02-2024,d8feb565-b6d2-4762-92b6-56f8bd03bd31,Gpay BILL Payment,
DEBIT,UPI,30,2954.81,2024-02-11T20:16:14+05:30,11-02-2024,37a15083-777f-4d71-a2da-bc6572399071,UPI/40423,
CREDIT,UPI,200,3154.81,2024-02-11T21:40:10+05:30,11-02-2024,3e7727fd-f4f5-4979-ba30-1fb191e78ea0,UPI/40426/,
CREDIT,OTHERS,590,3744.81,2024-02-12T04:46:01+05:30,12-02-2024,68b32c0e-caf8-4f3d-9f43-9a98020a9370,NEFT,8646845
CREDIT,UPI,10000,13744.81,2024-02-12T13:22:57+05:30,12-02-2024,4e097305-2394-4ddb-9194-b5ba2c4f1f3c,UPI/4409,
DEBIT,UPI,500,13244.81,2024-02-12T14:46:04+05:30,12-02-2024,155249a3-f94d-4d7d-a50c-a15707c31c56,UPI/40437,
DEBIT,ATM,10000,3244.81,2024-02-13T14:01:51+05:30,13-02-2024,6984b44d-3a50-409f-a3ca-1194f0d8f98e,ATM,
DEBIT,UPI,300,2944.81,2024-02-13T19:05:07+05:30,13-02-2024,3059a741-a85a-4cc2-a0f4-11780aafa0f6,UPI/40448,
DEBIT,UPI,40,2904.81,2024-02-13T21:10:58+05:30,13-02-2024,9e7a4dfb-6f70-4c0e-8d53-5c2aa1492cf7,UPI/44103/,
DEBIT,UPI,30,2874.81,2024-02-13T21:48:30+05:30,13-02-2024,363c26a7-ebd0-4c0c-a36a-b6bed63cf0e3,UPI/4410,
CREDIT,OTHERS,50,2924.81,2024-02-14T06:10:23+05:30,14-02-2024,50e265b9-2f5e-4163-bdd0-d55a48a0a727,NEFT,8646845
DEBIT,UPI,1,2923.81,2024-02-14T13:20:34+05:30,14-02-2024,760b87fd-0dfb-4eaf-a588-28a70a0fbb24,UPI/40453/,
DEBIT,UPI,2544,379.81,2024-02-14T13:26:07+05:30,14-02-2024,97e01898-2b72-4fcc-9336-13bee9d494ac,UPI/44115/,
DEBIT,UPI,100,279.81,2024-02-14T13:41:48+05:30,14-02-2024,fc6dd8a6-6a87-4085-8758-da5587ccfe6c,UPI/44112/,
DEBIT,UPI,60,219.81,2024-02-14T17:59:43+05:30,14-02-2024,547f17dc-2d2c-4ccc-b95d-614ed96c2542,UPI/44112,
CREDIT,UPI,4,223.81,2024-02-15T19:59:25+05:30,15-02-2024,b521bda5-63fd-4820-a488-87dcce7d18eb,UPI/40465//U,
CREDIT,UPI,3000,3223.81,2024-02-15T20:47:28+05:30,15-02-2024,39510c4f-f246-4921-a15e-d22d663c1f50,UPI/4412,
DEBIT,UPI,40,3183.81,2024-02-16T10:16:08+05:30,16-02-2024,716027fa-f0f3-44d8-bb92-55d7762cd9fb,UPI/40472,
DEBIT,UPI,15,3168.81,2024-02-16T15:56:04+05:30,16-02-2024,cce59018-2488-43ca-aa86-d9ff212dd00e,UPI/EURONETGPAY,
DEBIT,UPI,180,2988.81,2024-02-16T22:59:08+05:30,16-02-2024,404ebe38-19f4-46fb-b243-1d5c19991d80,UPI/44134,
DEBIT,UPI,240.9,2747.91,2024-02-17T11:25:20+05:30,17-02-2024,c13cf27a-9082-4ed9-bc55-2aa2cd004082,Gpay BILL Payment,
DEBIT,UPI,2500,247.91,2024-02-17T15:33:27+05:30,17-02-2024,268af40a-ed4a-4149-bef1-f970b138f39f,UPI/40484/,
CREDIT,OTHERS,440,687.91,2024-02-18T04:47:29+05:30,18-02-2024,4561ad20-4ca2-4a37-b71a-dbce319c18a6,NEFT,8646845
DEBIT,UPI,80,607.91,2024-02-19T10:40:59+05:30,19-02-2024,d61c1b73-4e1e-4a4b-b099-4c8327dec7e8,UPI/44160,
CREDIT,UPI,40,647.91,2024-02-19T13:01:03+05:30,19-02-2024,077bbc95-956c-4f2d-82cf-cacf04660222,UPI/40501/,
DEBIT,UPI,40,607.91,2024-02-19T17:02:08+05:30,19-02-2024,d758358b-e740-40d6-a65f-0b6d82a23718,UPI/40501/,
DEBIT,UPI,10,597.91,2024-02-19T21:16:52+05:30,19-02-2024,2b1ef787-d245-498e-9a80-5deef7e5fbf3,UPI/BHARATPE,
CREDIT,UPI,100,697.91,2024-02-20T12:50:40+05:30,20-02-2024,a2ea20f3-98cc-4fdd-bdc5-482c09a70a28,UPI/4417,
DEBIT,UPI,290,407.91,2024-02-20T12:57:12+05:30,20-02-2024,e402d2ed-3f56-4017-b072-e15dbe3ff156,UPI/PAYTM,
DEBIT,UPI,130,277.91,2024-02-21T19:14:06+05:30,21-02-2024,562e1a89-513e-4a1c-b585-9ca61edec1b0,UPI/GPAY,
CREDIT,OTHERS,3600,3877.91,2024-02-22T06:08:44+05:30,22-02-2024,e976a032-cc2a-4722-aa49-3899c4aadbfd,NEFT,8646845
DEBIT,UPI,40,3837.91,2024-02-22T18:17:40+05:30,22-02-2024,f4393fd4-814a-4c06-b9f3-cb0a6b555638,UPI/44194,
DEBIT,UPI,25,3812.91,2024-02-22T18:58:23+05:30,22-02-2024,5905637d-1510-4729-90b5-c8b29f8a2f57,UPI/PAYTM,
DEBIT,UPI,15,3797.91,2024-02-22T20:28:24+05:30,22-02-2024,2117d0d3-a975-4c98-8ee9-593fc980872e,Gpay BILL Payment,
DEBIT,UPI,19,3778.91,2024-02-22T21:00:43+05:30,22-02-2024,fdb8846f-2141-4a94-afb9-bf0d660b403e,UPI/EURONETGPAY,
DEBIT,UPI,200,3578.91,2024-02-23T19:32:01+05:30,23-02-2024,39d0261e-e3a6-4b5b-b904-f5a574b2fd8c,UPI/40543//U,
DEBIT,UPI,20,3558.91,2024-02-23T19:40:21+05:30,23-02-2024,1a13197a-7581-4fe9-8df2-6ce1c3ab68d2,UPI/BHARATPE,
DEBIT,UPI,40,3518.91,2024-02-23T20:30:40+05:30,23-02-2024,7c4343de-fef1-4103-a67b-96359536988c,UPI/PAYTM,
DEBIT,UPI,35,3483.91,2024-02-24T16:38:47+05:30,24-02-2024,76de83a7-ec01-4af0-8652-8b5825712cfc,UPI/40552,
CREDIT,UPI,20000,23483.91,2024-02-24T18:55:15+05:30,24-02-2024,6b6c4e13-5aac-4518-a71b-f26c60a2a75d,UPI/44219/-2ybl/Pa,
CREDIT,UPI,200,23683.91,2024-02-24T19:26:25+05:30,24-02-2024,a24223e8-7dd5-4bcc-8828-576bbd20077e,UPI/40552//U,
DEBIT,UPI,20000,3683.91,2024-02-25T11:08:34+05:30,25-02-2024,9fe6046f-e43d-40dd-ac7b-d82f76c2e355,UPI/40563,
CREDIT,UPI,100,3783.91,2024-02-25T14:22:06+05:30,25-02-2024,d3ba77c6-0c56-498a-9fc2-2bc8b61800b4,UPI/40564//U,
DEBIT,UPI,100,3683.91,2024-02-25T14:54:23+05:30,25-02-2024,e8ce2f81-4214-4218-939d-6d5930874d98,UPI/44224,
DEBIT,UPI,19,3664.91,2024-02-25T19:34:09+05:30,25-02-2024,b9b53ed3-3f7f-49fb-bd7f-b79ef18b5882,UPI/EURONETGPAY,
CREDIT,UPI,20000,23664.91,2024-02-25T20:08:58+05:30,25-02-2024,aa5b784e-f688-48fa-8dbd-3d6a39c30bac,UPI/4422,
DEBIT,UPI,60,23604.91,2024-02-26T11:52:47+05:30,26-02-2024,0959ae69-6542-4d98-a6a5-addc16ed8a2e,UPI/44239,
DEBIT,UPI,10,23594.91,2024-02-27T21:23:00+05:30,27-02-2024,cb3e84dd-a910-4a75-a81c-9b8fd8108fd9,UPI/BHARATPE,
CREDIT,UPI,100,23694.91,2024-02-28T12:55:41+05:30,28-02-2024,b2586b28-ae7f-4826-965d-282c0bc48d1b,UPI/40597//U,
CREDIT,UPI,50,23744.91,2024-02-28T15:27:02+05:30,28-02-2024,21384d30-e170-4c75-bd9d-c15b3f0479ed,UPI/4425,
DEBIT,UPI,140,23604.91,2024-02-28T15:30:35+05:30,28-02-2024,d2ba0a4e-dcd6-46fb-87f3-be44a3a569a5,UPI/PAYTM,
DEBIT,UPI,500,23104.91,2024-02-29T10:33:53+05:30,29-02-2024,be18d1f7-6e51-4cbb-8549-b380008a41fa,UPI/40602,
DEBIT,UPI,200,22904.91,2024-02-29T11:13:11+05:30,29-02-2024,8762ab07-fefd-41fd-b8d7-3d3232acf374,UPI/44268/-,
DEBIT,UPI,500,22404.91,2024-03-01T10:52:36+05:30,01-03-2024,f81bb60c-6adc-4719-a457-91d2dd8231ab,UPI/44272,
DEBIT,UPI,50,22354.91,2024-03-01T16:12:05+05:30,01-03-2024,ff4cf795-4d04-435f-8499-c39c361e04f9,UPI/40618/-P,
DEBIT,UPI,10,22344.91,2024-03-02T16:28:12+05:30,02-03-2024,0459f55e-d37d-46d5-ab22-384bbde0a291,UPI/44283,
DEBIT,UPI,10,22334.91,2024-03-02T21:15:27+05:30,02-03-2024,df9253c6-51a1-44c1-9037-7f73073ef3d5,UPI/BHARATPE,
DEBIT,UPI,95,22239.91,2024-03-03T09:58:26+05:30,03-03-2024,41680136-08c1-4b68-9061-d1b16433eb83,UPI/40630,
DEBIT,UPI,40,22199.91,2024-03-03T11:19:44+05:30,03-03-2024,ce328726-c42d-4af8-bb36-e3f6c52c780a,UPI/GPAY,
DEBIT,UPI,55,22144.91,2024-03-03T12:06:28+05:30,03-03-2024,47710eaf-c809-45b1-8bc3-887f7d0bc2a2,UPI/40633,
DEBIT,UPI,10,22134.91,2024-03-03T15:27:59+05:30,03-03-2024,ddb6d9e7-a185-41d8-bdf5-2018193c0e21,UPI/44292,
DEBIT,UPI,80,22054.91,2024-03-03T17:17:14+05:30,03-03-2024,2470f599-b47c-4ddc-b9bd-89149c28acdb,UPI/BHARATPE6,
CREDIT,UPI,200,22254.91,2024-03-03T17:23:16+05:30,03-03-2024,0a895b35-b757-4b4a-97c3-2ec7fb404791,UPI/4429,
DEBIT,UPI,18,22236.91,2024-03-03T19:35:19+05:30,03-03-2024,93f862fe-63f1-4f6b-ada2-1f7fbdb9717b,UPI/40635,
DEBIT,UPI,130,22106.91,2024-03-03T19:37:48+05:30,03-03-2024,47808daf-cee5-47ae-b6be-8addd0856de9,UPI/GPAY,
DEBIT,UPI,20,22086.91,2024-03-04T10:34:28+05:30,04-03-2024,b306cfe4-e1ff-4d81-ba46-6f1b1762ec46,UPI/44308,
CREDIT,UPI,100,22186.91,2024-03-04T14:03:39+05:30,04-03-2024,3cc02484-fa72-4012-95d6-d8f61c3fa198,UPI/40640/U,
CREDIT,UPI,100,22286.91,2024-03-04T14:05:28+05:30,04-03-2024,45f0884d-d67a-4e6d-9ecb-d6fd20ae6720,UPI/40640/U,
DEBIT,UPI,55,22231.91,2024-03-04T14:08:28+05:30,04-03-2024,6b0c4066-498c-40cb-b797-b7619f6d154b,UPI/44306,
DEBIT,UPI,30,22201.91,2024-03-04T14:12:06+05:30,04-03-2024,5d78ab92-3f74-4e01-855a-52c90070705e,UPI/44301/,
DEBIT,UPI,60,22141.91,2024-03-04T14:24:28+05:30,04-03-2024,d96af22f-b6aa-4d88-9850-d4334015e1a1,UPI/44304,
DEBIT,UPI,10,22131.91,2024-03-04T14:51:41+05:30,04-03-2024,54a5ad39-1ba0-4a81-8eea-631e0b5ba234,UPI/PAYTM,
DEBIT,UPI,10,22121.91,2024-03-04T17:35:12+05:30,04-03-2024,6a0df95a-67ff-4421-ac44-dedfb7142ec0,UPI/44304,
DEBIT,UPI,240.9,21881.01,2024-03-05T17:44:53+05:30,05-03-2024,c401dde9-6473-4b2e-aea7-fdfb985796ba,Gpay BILL Payment,
DEBIT,UPI,60,21821.01,2024-03-06T09:35:49+05:30,06-03-2024,93d3fab1-dd94-43d3-bddc-51081ccb90b3,UPI/40664,
DEBIT,UPI,420,21401.01,2024-03-06T12:30:36+05:30,06-03-2024,33a1cf04-ddbe-41d4-951f-633e855cdba3,UPI/44325,
CREDIT,UPI,100,21501.01,2024-03-06T15:23:46+05:30,06-03-2024,c3f1f389-51b9-483d-a8e8-aa8c6ca9ca29,UPI/44328/,
CREDIT,UPI,100,21601.01,2024-03-06T15:25:31+05:30,06-03-2024,260b0276-87f2-44b1-bbb0-6716e3a081ac,UPI/44323/a,
DEBIT,UPI,140,21461.01,2024-03-06T15:58:13+05:30,06-03-2024,f6b6ca0d-5449-4012-8397-db10fba6fdc5,UPI/PAYTM,
CREDIT,UPI,100,21561.01,2024-03-06T17:12:08+05:30,06-03-2024,fca1fae7-6068-481d-a250-5ddf8f3fb6e8,UPI/4432,
DEBIT,UPI,4600,16961.01,2024-03-07T17:19:46+05:30,07-03-2024,0362ec16-2086-46cb-a139-93d985922644,UPI/40675/,
DEBIT,UPI,22,16939.01,2024-03-08T15:26:02+05:30,08-03-2024,95752022-958b-4366-83c6-f73b02729b1f,UPI/BHARATPE,
DEBIT,UPI,10,16929.01,2024-03-08T20:18:24+05:30,08-03-2024,436348d2-b929-4920-a467-6652d7d83b11,UPI/BHARATPE,
DEBIT,UPI,85,16844.01,2024-03-08T21:40:50+05:30,08-03-2024,fc243606-81bf-4c65-bd3e-59b6b61803b0,UPI/44340,
DEBIT,UPI,180,16664.01,2024-03-08T21:42:47+05:30,08-03-2024,2ae8e8f3-ec5a-4e13-a0f6-2c6ea927c5ef,UPI/PAYTM,
DEBIT,UPI,290,16374.01,2024-03-09T12:57:12+05:30,09-03-2024,3c3c3478-b858-4753-95f7-e35212ed5234,UPI/44351,
DEBIT,UPI,500,15874.01,2024-03-09T19:16:11+05:30,09-03-2024,66fe3137-8eb3-4a1c-9ea0-6eef9b9192bd,UPI/40696,
DEBIT,UPI,520,15354.01,2024-03-10T13:03:56+05:30,10-03-2024,98754b97-26a8-4001-9dd9-50882881f4b4,UPI/PAYTM,
DEBIT,UPI,15,15339.01,2024-03-10T21:10:14+05:30,10-03-2024,ba8ac0f2-7161-460d-96d1-a76c01939731,Gpay BILL Payment,
DEBIT,UPI,200,15139.01,2024-03-11T19:13:57+05:30,11-03-2024,d56ac532-fbf2-4101-8625-64df0e39c679,UPI/40714/,
CREDIT,OTHERS,1630,16769.01,2024-03-12T08:16:35+05:30,12-03-2024,8f445b17-73be-41f5-8bf2-ea2d84374f5d,NEFT,8646845
CREDIT,OTHERS,140,16909.01,2024-03-13T06:01:19+05:30,13-03-2024,e68fd2fa-6961-4432-8b5d-8eb6da045406,NEFT,8646845
DEBIT,UPI,59,16850.01,2024-03-13T19:08:04+05:30,13-03-2024,5532db55-3191-4e9f-abcd-c34908dc09d2,UPI/44399,
DEBIT,UPI,15,16835.01,2024-03-13T21:33:52+05:30,13-03-2024,5a056440-1410-4c5a-916f-d182fb72fbf4,UPI/BHARATPE,
DEBIT,UPI,5000,11835.01,2024-03-14T13:13:55+05:30,14-03-2024,8744a935-c9c8-4bef-a7e9-86fc94cd21a8,UPI/40740,
DEBIT,UPI,500,11335.01,2024-03-14T19:09:23+05:30,14-03-2024,f38f3e02-7a59-4fcf-bbf7-00b3948b0d77,UPI/44401,
CREDIT,UPI,200,11535.01,2024-03-14T19:22:06+05:30,14-03-2024,ef1a6f46-94c8-4026-a360-91d0c6658fe4,UPI/44404/,
DEBIT,UPI,15,11520.01,2024-03-14T19:27:57+05:30,14-03-2024,9332a1ae-6a36-46da-8642-b73c5e7fd1d7,Gpay BILL Payment,
DEBIT,UPI,126,11394.01,2024-03-14T19:37:42+05:30,14-03-2024,03f8329f-77fc-493a-98a8-e39598a1ba6d,UPI/BHARATPE,
CREDIT,OTHERS,300,11694.01,2024-03-15T05:36:40+05:30,15-03-2024,0f043ecc-3aeb-44a3-a79f-56c9c276126f,NEFT,8646845
DEBIT,UPI,10,11684.01,2024-03-15T12:43:46+05:30,15-03-2024,aefcdc88-ef11-44d8-bc6b-36eea768c42d,UPI/44416,
DEBIT,UPI,10,11674.01,2024-03-15T15:12:17+05:30,15-03-2024,190db62e-68de-419b-8145-9827715b4a2c,UPI/40754,
DEBIT,UPI,60,11614.01,2024-03-15T20:33:33+05:30,15-03-2024,efe8ec9c-118e-4d64-b5b7-2245c31a541a,UPI/44412,
DEBIT,UPI,20,11594.01,2024-03-15T20:54:59+05:30,15-03-2024,469a9e31-c604-43a3-804a-4a065fa40981,UPI/PAYTM,
CREDIT,OTHERS,800,12394.01,2024-03-16T06:12:03+05:30,16-03-2024,7d6b1ec0-0940-4f18-a559-c54b33c9d152,NEFT,8646845
DEBIT,UPI,240.9,12153.11,2024-03-16T10:49:26+05:30,16-03-2024,f469aadc-068d-4845-8c97-e4ce775231a1,Gpay BILL Payment,
CREDIT,OTHERS,2150,14303.11,2024-03-17T06:59:24+05:30,17-03-2024,bc8eae11-ce87-4d53-a375-425b7a069146,NEFT,8646845
DEBIT,UPI,300,14003.11,2024-03-17T15:24:36+05:30,17-03-2024,313bb93b-e4ba-46df-90b3-712075050537,UPI/40770,
DEBIT,UPI,19,13984.11,2024-03-17T18:49:10+05:30,17-03-2024,4bd90e4b-af6c-4e50-b3ff-8581ec810545,Gpay BILL Payment,
CREDIT,OTHERS,250,14234.11,2024-03-18T06:07:14+05:30,18-03-2024,a4faed24-6ce4-4217-aa69-a7c32a52807a,NEFT,8646845
DEBIT,UPI,10,14224.11,2024-03-18T13:36:35+05:30,18-03-2024,98d7c60c-6e18-46c6-9de5-08d369c95123,UPI/40788,
CREDIT,OTHERS,1150,15374.11,2024-03-19T05:41:17+05:30,19-03-2024,9c68ab5c-e8e1-460e-8d80-c0c3968e9d30,NEFT,8646845
DEBIT,UPI,30,15344.11,2024-03-19T11:32:29+05:30,19-03-2024,be13eda8-1963-422d-bb1c-30151ccf176a,UPI/BHARATPE,
DEBIT,UPI,15,15329.11,2024-03-19T20:43:41+05:30,19-03-2024,a204f520-c876-4853-9dd0-fd6f8856e234,UPI/44458,
DEBIT,UPI,130,15199.11,2024-03-19T20:45:22+05:30,19-03-2024,6e72467f-3721-48ea-9b48-461dfe1f88b1,UPI/GPAY,
DEBIT,UPI,3000,12199.11,2024-03-19T21:05:45+05:30,19-03-2024,ad0d873d-e298-4bbc-a180-5bc3405ca1c9,UPI/PAYTMUP,
CREDIT,OTHERS,920,13119.11,2024-03-20T06:11:27+05:30,20-03-2024,299555c9-77b1-4b40-95bc-344f4dd2a4c8,NEFT,8646845
DEBIT,UPI,12000,1119.11,2024-03-20T18:56:48+05:30,20-03-2024,7d7fc9ef-04b8-4bd9-9c9c-d0004c7e80a8,UPI/44465,
DEBIT,UPI,500,619.11,2024-03-20T19:16:10+05:30,20-03-2024,16b89c73-9259-4655-834e-7434b64b814d,UPI/40806,
DEBIT,UPI,125,494.11,2024-03-20T21:36:49+05:30,20-03-2024,07d32ae8-a744-4320-b8bb-e394d9a60030,UPI/40804,
CREDIT,OTHERS,270,764.11,2024-03-21T07:36:02+05:30,21-03-2024,fe452049-1057-4837-8d1b-069c2658aa80,NEFT,8646845
DEBIT,UPI,170,594.11,2024-03-21T18:13:10+05:30,21-03-2024,508c73b9-db53-4a7c-80c7-fe3829cacf0c,UPI/44470,
DEBIT,UPI,5,589.11,2024-03-21T20:37:47+05:30,21-03-2024,764b99fb-ade2-434e-80d8-e79d1dcdb15b,UPI/BHARATPE,
CREDIT,OTHERS,1370,1959.11,2024-03-22T06:47:33+05:30,22-03-2024,00cac92b-da3e-4ba7-83f4-10e060a1d03f,NEFT,8646845
CREDIT,UPI,3000,4959.11,2024-03-22T08:47:52+05:30,22-03-2024,50c37c64-7cce-4928-bfd9-724014a1b6b7,UPI/4448,
DEBIT,UPI,11,4948.11,2024-03-22T09:35:52+05:30,22-03-2024,e83d17d0-3ef4-4381-83ce-92a38212fdac,UPI/BHARATPE,
DEBIT,UPI,100,4848.11,2024-03-22T20:32:49+05:30,22-03-2024,da240577-8841-4712-9479-8816122ea3c3,UPI/40821,
DEBIT,UPI,4380,468.11,2024-03-23T11:24:29+05:30,23-03-2024,d0a961ad-fecd-41e7-b06a-5df0258bf566,AMZN,
DEBIT,UPI,130,338.11,2024-03-23T21:06:25+05:30,23-03-2024,3177e226-acae-4ec3-8843-3874b4361d5c,UPI/GPAY,
CREDIT,OTHERS,4300,4638.11,2024-03-24T05:28:09+05:30,24-03-2024,5f86c92a-4e28-4a3d-aa31-7be396663f5b,NEFT,8646845
DEBIT,UPI,40,4598.11,2024-03-24T18:22:46+05:30,24-03-2024,df48ddbf-f64d-456c-9e25-41a0b42687e9,UPI/40846/-2,
CREDIT,UPI,1500,6098.11,2024-03-24T18:30:50+05:30,24-03-2024,b59f667d-f903-4bf0-97c4-e977869adc2b,UPI/4084,
DEBIT,UPI,500,5598.11,2024-03-24T19:16:53+05:30,24-03-2024,abab07fe-0d91-45b4-89d2-8842b9306dfb,UPI/44505,
DEBIT,UPI,200,5398.11,2024-03-24T22:58:47+05:30,24-03-2024,26b6b56a-c7d5-4ec4-86fc-3a6ca3978eba,UPI/40840,
DEBIT,UPI,30,5368.11,2024-03-25T09:28:55+05:30,25-03-2024,4f2fc8cc-599c-4ffa-b157-e30f44ed18c6,UPI/BHARATPE,
CREDIT,UPI,100,5468.11,2024-03-25T20:38:19+05:30,25-03-2024,19ea4502-0cb0-484f-b995-03cf27b0cd6e,UPI/4451,
DEBIT,UPI,19,5449.11,2024-03-25T21:21:27+05:30,25-03-2024,0de79a71-5a6b-4a07-987d-5e775639811e,UPI/EURONETGPAY,
DEBIT,UPI,120,5329.11,2024-03-26T11:01:31+05:30,26-03-2024,fff28fb6-5163-4ca5-aa89-8cbc53034790,UPI/40861,
DEBIT,UPI,10,5319.11,2024-03-27T13:30:49+05:30,27-03-2024,0955a422-1f1f-401e-8836-5e9efc1c1a42,UPI/44535,
DEBIT,UPI,50,5269.11,2024-03-27T17:18:13+05:30,27-03-2024,4aba3c22-3f45-4194-8dc2-885cb24cab0e,UPI/BHARATPE6,
DEBIT,UPI,20,5249.11,2024-03-27T17:20:10+05:30,27-03-2024,e72ca825-8866-402c-a05b-cf0f7cad5a84,UPI/EAZYPAY,
DEBIT,UPI,15,5234.11,2024-03-27T21:49:50+05:30,27-03-2024,8a0bc213-13a3-4f10-9c69-dd5ca1a1f985,UPI/BHARATPE,
DEBIT,UPI,50,5184.11,2024-03-28T14:43:48+05:30,28-03-2024,c9b1f653-377c-4d55-9de0-6515d8ac1093,UPI/BHARATPE,
DEBIT,UPI,10,5174.11,2024-03-28T16:00:42+05:30,28-03-2024,6030242a-7557-4afd-9054-02085fbd32d2,UPI/BHARATPE,
CREDIT,UPI,500,5674.11,2024-03-28T17:12:05+05:30,28-03-2024,b628fdc3-476b-44aa-8830-92e25a4727ab,UPI/44544,
DEBIT,UPI,5000,674.11,2024-03-28T17:50:04+05:30,28-03-2024,53d7e363-1b51-4239-9f25-7b50dc61c822,UPI/40883,
CREDIT,UPI,5000,5674.11,2024-03-28T19:45:57+05:30,28-03-2024,1e07f769-eae0-4b00-b474-f0b2c3c8b3a9,UPI/4454,
DEBIT,UPI,10,5664.11,2024-03-28T22:08:14+05:30,28-03-2024,d23a4bf4-e4b2-462b-b793-687de9e958fe,UPI/BHARATPE,
CREDIT,OTHERS,170,5834.11,2024-03-29T08:27:48+05:30,29-03-2024,cc5842ed-918f-4cc6-96ba-c07cd8ddbdaa,NEFT,8646845
DEBIT,UPI,500,5334.11,2024-03-29T12:06:25+05:30,29-03-2024,c3646735-a4fc-4856-9023-730fa71e7992,UPI/40891,
DEBIT,UPI,260,5074.11,2024-03-29T12:46:55+05:30,29-03-2024,b4c75e0f-9aaf-4d34-a1a8-49ef5752c3bc,UPI/GPAY,
DEBIT,UPI,10,5064.11,2024-03-29T17:58:43+05:30,29-03-2024,fa5e8f02-f34d-45d3-abc7-8aeacc50b5bc,UPI/EAZYPAY,
DEBIT,UPI,10,5054.11,2024-03-29T21:47:18+05:30,29-03-2024,842a8f38-d8b0-4a7e-8aa4-f13bc5d2c5c1,UPI/BHARATPE,
DEBIT,UPI,500,4554.11,2024-03-30T19:17:09+05:30,30-03-2024,8f10df08-f90e-439d-83b7-1095c0083eff,UPI/44561,
DEBIT,UPI,50,4504.11,2024-03-30T21:04:34+05:30,30-03-2024,53a022f9-d213-44bc-9a29-f6e7a6330a02,UPI/BHARATPE6,
CREDIT,OTHERS,950,5454.11,2024-03-31T08:16:16+05:30,31-03-2024,e8dc38f4-bc2b-4ad8-a22a-914e0c8c5b99,NEFT,8646845
CREDIT,UPI,20,5474.11,2024-03-31T12:15:02+05:30,31-03-2024,faacddaa-6100-4529-8eda-f40d27d687f8,UPI/40914/,
DEBIT,UPI,1,5473.11,2024-03-31T13:21:53+05:30,31-03-2024,be2eb8dd-c96e-4319-9477-c3d63755b7c1,UPI/PAYTM,
DEBIT,UPI,500,4973.11,2024-03-31T13:22:24+05:30,31-03-2024,005c84fb-14b4-4970-b712-f80305df0996,UPI/PAYTM,
DEBIT,UPI,130,4843.11,2024-03-31T20:22:18+05:30,31-03-2024,df528a6b-d779-4129-8580-066666bc8023,UPI/GPAY,
DEBIT,UPI,160,4683.11,2024-03-31T23:23:46+05:30,31-03-2024,ab4cc569-2be7-44ed-b583-f85d70c56b0a,UPI/40912,
DEBIT,UPI,10,4673.11,2024-04-01T16:16:05+05:30,01-04-2024,b83a0ca7-aa35-40ac-a728-29dcaf674b87,UPI/PAYTM101,
DEBIT,UPI,560,4113.11,2024-04-01T16:16:17+05:30,01-04-2024,0573bfbc-7117-40dc-a570-b23600b18af4,UPI/CLOTHFASHION,
DEBIT,UPI,50,4063.11,2024-04-01T16:16:35+05:30,01-04-2024,9b1f60ea-af42-4fc0-9e3f-8f17f383fecd,UPI/GPAY,
DEBIT,UPI,10,4053.11,2024-04-01T16:16:54+05:30,01-04-2024,7bae1b38-451a-4d08-b35e-ac4f70c5ab02,UPI/40925,
DEBIT,UPI,500,3553.11,2024-04-02T01:38:38+05:30,01-04-2024,9bec421b-435a-44b6-9f98-0d11f9e1d134,UPI/44588,
CREDIT,UPI,500,4053.11,2024-04-02T01:39:27+05:30,01-04-2024,2c92002f-ccac-4af8-8763-75e570f2f5f2,UPI/4458,
DEBIT,UPI,500,3553.11,2024-04-02T01:39:52+05:30,01-04-2024,2562f2e7-2b2d-4a0d-8163-afb075006348,UPI/40921,
CREDIT,OTHERS,100,3653.11,2024-04-02T01:41:28+05:30,01-04-2024,ac7e1149-a292-4252-ad5b-d4a1155864c5,IMPS,
CREDIT,UPI,500,4153.11,2024-04-02T15:37:11+05:30,02-04-2024,92fc8952-00af-49d0-820c-e5adc5e222ab,UPI/44562,
DEBIT,UPI,240,3913.11,2024-04-02T19:19:45+05:30,02-04-2024,eb264545-fd4c-461a-b7b9-dda3d6e7e927,UPI/4093,
CREDIT,OTHERS,30,3943.11,2024-04-03T05:58:21+05:30,03-04-2024,eb279db8-edeb-47af-b20d-81475b5b2ce6,NEFT,8646845
DEBIT,UPI,200,3743.11,2024-04-04T14:41:56+05:30,04-04-2024,2df8c2fa-e6f9-400d-b407-58c3f4d11f2a,UPI/40959,
DEBIT,UPI,500,3243.11,2024-04-04T19:18:18+05:30,04-04-2024,80c36ee5-c2c8-4f06-becc-312415bb6d17,UPI/40954,
DEBIT,UPI,100,3143.11,2024-04-04T20:14:55+05:30,04-04-2024,01fc58d3-6435-466d-88ee-5db8532ad7c2,UPI/PAYTMfp,
DEBIT,UPI,120,3023.11,2024-04-05T11:39:00+05:30,05-04-2024,27d1a385-d5f2-463d-9bfa-e5fe17d6b0f4,UPI/PAYTM,
DEBIT,UPI,50,2973.11,2024-04-05T12:07:13+05:30,05-04-2024,6f4d5624-0af7-40b2-8d34-e5c95f63c830,UPI/BHARATPE,
DEBIT,UPI,10,2963.11,2024-04-05T14:54:28+05:30,05-04-2024,e824e557-4782-48ec-96a3-b50e816aefe6,UPI/40968,
DEBIT,UPI,130,2833.11,2024-04-05T20:30:24+05:30,05-04-2024,f1521dfa-a412-4ca2-9ff5-2a1a06fab4b3,UPI/GPAY,
CREDIT,OTHERS,280,3113.11,2024-04-06T06:19:51+05:30,06-04-2024,924e81d9-cf72-4dcf-a36e-3d0b5ca57990,NEFT,8646845
DEBIT,UPI,10,3103.11,2024-04-06T16:54:27+05:30,06-04-2024,1dd3067a-0912-4071-84c7-4ca22f24dbea,UPI/40977/,
DEBIT,UPI,10,3093.11,2024-04-06T17:32:49+05:30,06-04-2024,430ffb27-227a-45a4-ae1d-589f6202c8cb,UPI/40976,
DEBIT,UPI,50,3043.11,2024-04-06T17:55:11+05:30,06-04-2024,da6725b1-f797-4bd3-9836-a437064a1aac,UPI/40970/,
DEBIT,UPI,130,2913.11,2024-04-06T21:30:20+05:30,06-04-2024,0f95d184-2f54-4906-85d3-f44806965243,UPI/GPAY,
DEBIT,UPI,160,2753.11,2024-04-06T21:42:18+05:30,06-04-2024,bcb05dbe-7eac-43d3-ad3b-ff323366be9a,UPI/GPAY,
DEBIT,UPI,10,2743.11,2024-04-07T09:02:21+05:30,07-04-2024,4b7bbdfe-023d-4cbc-98ff-003e65c09a37,UPI/BHARATPE,
CREDIT,OTHERS,1350,4093.11,2024-04-07T09:27:42+05:30,07-04-2024,1ebf1279-8c51-4c61-a1bd-2bcc2a4de239,NEFT,8646845
DEBIT,UPI,1000,3093.11,2024-04-07T14:46:17+05:30,07-04-2024,a46708c7-46bf-4b66-bb57-650058b62a76,UPI/40982/,
DEBIT,UPI,500,2593.11,2024-04-07T19:17:29+05:30,07-04-2024,fe997736-a700-4544-9a15-be0a6e5ee1d7,UPI/40986,
CREDIT,UPI,500,3093.11,2024-04-07T19:52:20+05:30,07-04-2024,703d7b8e-bfef-4b24-b685-cc1a5f9521d1,UPI/40989/,
DEBIT,UPI,130,2963.11,2024-04-07T21:05:41+05:30,07-04-2024,4eab974e-3558-4c51-996c-c108ad60ea3a,UPI/GPAY,
DEBIT,UPI,240,2723.11,2024-04-07T23:05:16+05:30,07-04-2024,e86c8bcc-4185-47d3-b914-37c867deca5f,UPI/4464,
DEBIT,ATM,2500,223.11,2024-04-08T10:26:34+05:30,08-04-2024,94b76a54-2e1c-4a80-af58-f1b189d34d50,ATM,
CREDIT,OTHERS,1320,1543.11,2024-04-09T05:14:12+05:30,09-04-2024,eb8b9362-13ba-4748-b96c-7859e182e71d,NEFT,8646845
DEBIT,UPI,400,1143.11,2024-04-09T11:37:55+05:30,09-04-2024,6ffa1c41-563b-4ecc-a5c0-783cf5ac225a,UPI/GPAY,
DEBIT,UPI,200,943.11,2024-04-09T11:43:33+05:30,09-04-2024,9f046c8e-64c3-4523-8f05-d1019f79d618,UPI/44663,
DEBIT,UPI,130,813.11,2024-04-09T15:07:52+05:30,09-04-2024,12572708-6315-4ff5-a52c-a45b81491cc7,UPI/41001,
DEBIT,UPI,260,553.11,2024-04-09T20:26:50+05:30,09-04-2024,2b745460-472a-446f-8826-28559ec27571,UPI/GPAY,
DEBIT,UPI,130,423.11,2024-04-09T20:45:56+05:30,09-04-2024,245bc332-d24e-4d96-867f-3ae8e50ee119,UPI/GPAY,
DEBIT,UPI,16,407.11,2024-04-09T21:56:06+05:30,09-04-2024,dd474d55-d822-446e-8453-d5909149b760,UPI/4466,
CREDIT,OTHERS,700,1107.11,2024-04-10T05:35:46+05:30,10-04-2024,ad13ed90-1000-48b0-8fde-73046469eb27,NEFT,8646845
DEBIT,UPI,19,1088.11,2024-04-10T19:53:48+05:30,10-04-2024,33187176-bca9-420f-9323-3f1486f53f11,Gpay BILL Payment,
DEBIT,UPI,130,958.11,2024-04-10T21:02:16+05:30,10-04-2024,e55066e8-f39b-45e6-b250-f21d33d55a5f,UPI/GPAY,
DEBIT,UPI,20,938.11,2024-04-10T22:10:29+05:30,10-04-2024,3dce87cb-b074-437c-8ec3-f319eefd3b9d,UPI/4467,
DEBIT,UPI,35,903.11,2024-04-10T22:14:35+05:30,10-04-2024,1b46bf5a-787b-4f3b-bf86-c83335dbaaf2,UPI/GPAY,
CREDIT,OTHERS,230,1133.11,2024-04-11T05:53:55+05:30,11-04-2024,cedd9244-e391-4620-a617-cb74a5dcc3f2,NEFT,8646845
DEBIT,UPI,720.9,412.21,2024-04-11T11:25:46+05:30,11-04-2024,402447c4-3d83-4ffc-a44e-711d43d31166,Gpay BILL Payment,
DEBIT,UPI,130,282.21,2024-04-11T16:30:44+05:30,11-04-2024,88ce5bfd-faed-4efd-86e6-f071ad50b738,UPI/GPAY,
DEBIT,UPI,220,62.21,2024-04-11T22:54:14+05:30,11-04-2024,b6fbcaae-3328-4df0-9671-ab3de27578c5,UPI/44685,
CREDIT,OTHERS,2589,2651.21,2024-04-12T04:48:34+05:30,12-04-2024,ce5fb11c-c452-4eea-be12-59c856443ba0,NEFT,8646845
DEBIT,UPI,500,2151.21,2024-04-12T12:27:05+05:30,12-04-2024,52c92988-becd-46dc-9be1-66a9b42835e6,UPI/44698,
DEBIT,UPI,450,1701.21,2024-04-12T18:30:00+05:30,12-04-2024,55ef304c-6a2b-43f6-896a-2eae1158edba,UPI/41036,
CREDIT,UPI,30000,31701.21,2024-04-12T20:47:44+05:30,12-04-2024,1a1e700d-5dc5-4f23-8dfb-16b8ab71866e,UPI/4103,
DEBIT,UPI,30000,1701.21,2024-04-12T20:50:06+05:30,12-04-2024,2fc1e504-df86-401f-9146-71944565913f,UPI/44693/,
CREDIT,OTHERS,800,2501.21,2024-04-13T05:13:19+05:30,13-04-2024,50d08a25-be70-4f56-b5b9-485cf402f196,NEFT,8646845
DEBIT,UPI,2350,151.21,2024-04-13T14:34:33+05:30,13-04-2024,5dfe460d-e225-4a55-86d4-d2f132301dcc,UPI/41043/-1,
CREDIT,UPI,1500,1651.21,2024-04-13T14:56:52+05:30,13-04-2024,b9409d8a-bc4b-4568-8e2a-12a8dff60b40,UPI/44702/Pay,
DEBIT,UPI,1500,151.21,2024-04-14T12:21:12+05:30,14-04-2024,8b52db23-e26f-4823-8a0e-917f13b683e4,UPI/44712//Pay,
DEBIT,UPI,150,1.21,2024-04-14T18:04:34+05:30,14-04-2024,496212ca-209e-46cc-91fc-4d986b8907e6,UPI/44716/,
CREDIT,OTHERS,950,951.21,2024-04-15T04:58:30+05:30,15-04-2024,f4eb23f3-f400-45a9-9a35-4156afe34210,NEFT,8646845
DEBIT,UPI,10,941.21,2024-04-15T16:45:22+05:30,15-04-2024,3b247dfc-76a4-4463-9d4d-0c888884bd80,UPI/44724/,
DEBIT,UPI,50,891.21,2024-04-15T18:21:54+05:30,15-04-2024,6a3b2349-6313-408c-9710-a6f5b895f6f8,UPI/41066/,
DEBIT,UPI,200,691.21,2024-04-15T19:12:24+05:30,15-04-2024,5b6fa850-d624-4cfa-8007-47efe7a12d1e,UPI/44728,
DEBIT,UPI,15,676.21,2024-04-15T19:35:54+05:30,15-04-2024,f582fe20-87cb-4f68-807f-00f587efd4a1,Gpay BILL Payment,
DEBIT,UPI,130,546.21,2024-04-15T20:22:08+05:30,15-04-2024,ada7b712-ec48-41f6-b75c-f90c883b71a4,UPI/GPAY,
CREDIT,OTHERS,600,1146.21,2024-04-16T06:14:43+05:30,16-04-2024,f6766ad5-7c4e-4f6a-872d-fed300945e94,NEFT,8646845
DEBIT,UPI,130,1016.21,2024-04-16T12:02:51+05:30,16-04-2024,939a1089-30ec-4eac-8722-90a2ca45876c,UPI/GPAY,
CREDIT,OTHERS,3420,4436.21,2024-04-17T05:15:50+05:30,17-04-2024,db5fb96c-37cd-4f3e-b486-921c466de084,NEFT,8646845
DEBIT,UPI,100,4336.21,2024-04-17T17:35:46+05:30,17-04-2024,4aa43469-3e3d-4d52-9744-d722da66903a,UPI/44741,
DEBIT,UPI,130,4206.21,2024-04-17T17:40:36+05:30,17-04-2024,81c116c0-737d-4e26-beb3-3ecfb6a087c3,UPI/41081,
DEBIT,UPI,4000,206.21,2024-04-17T19:16:12+05:30,17-04-2024,3b1c58fc-7816-4bfb-89c0-5f565ff2cedd,UPI/41080/,
DEBIT,UPI,40,166.21,2024-04-17T20:39:39+05:30,17-04-2024,ab7dc2d6-89ba-477d-9826-26f4e67a3c28,UPI/PAYTM8p,
DEBIT,UPI,130,36.21,2024-04-18T13:09:44+05:30,18-04-2024,f30f3bc0-6e04-4d0a-ac40-fab88dd3bdaf,UPI/41098,
CREDIT,OTHERS,500,536.21,2024-04-19T06:58:16+05:30,19-04-2024,0e00e4aa-83ff-45f2-a887-fbc85a828059,NEFT,8646845
DEBIT,UPI,400,136.21,2024-04-19T19:35:04+05:30,19-04-2024,d803f517-c060-49df-a739-0f0b6968d70f,UPI/44767/o,
DEBIT,UPI,20,116.21,2024-04-19T20:23:27+05:30,19-04-2024,3ce42a10-e653-4b1d-8457-dd708f957c67,UPI/44763,
DEBIT,UPI,10,106.21,2024-04-19T22:43:03+05:30,19-04-2024,49d7cf57-79ab-498e-96db-9c503222741a,UPI/4476,
CREDIT,OTHERS,1450,1556.21,2024-04-20T05:18:47+05:30,20-04-2024,c48dffdb-6b3c-44be-8156-0062dde4798f,NEFT,8646845
DEBIT,UPI,130,1426.21,2024-04-20T17:53:37+05:30,20-04-2024,2c9edfcb-2464-4e78-9dae-b964a77b68ea,UPI/GPAY,
DEBIT,UPI,200,1226.21,2024-04-20T19:35:41+05:30,20-04-2024,fccef286-4526-4726-863d-d4750a1d8781,UPI/44779,
DEBIT,UPI,60,1166.21,2024-04-20T21:05:02+05:30,20-04-2024,54f6d8b0-d9c9-4577-a5e8-806bec7cc0ca,UPI/41110,
DEBIT,UPI,10,1156.21,2024-04-20T21:27:16+05:30,20-04-2024,d3ab8c88-06f1-4355-b11c-3894692904e1,UPI/4477,
CREDIT,OTHERS,780,1936.21,2024-04-21T05:01:49+05:30,21-04-2024,37023f20-cd29-4d67-b6da-815dc8e4495b,NEFT,8646845
CREDIT,OTHERS,2970,4906.21,2024-04-22T05:38:05+05:30,22-04-2024,4a55456d-1578-4384-99f0-d0551a3ce353,NEFT,8646845
DEBIT,UPI,130,4776.21,2024-04-22T17:26:48+05:30,22-04-2024,c31f75bc-d203-433f-958f-f289992bb0f3,UPI/GPAY,
DEBIT,UPI,380,4396.21,2024-04-22T20:49:10+05:30,22-04-2024,b58f6d36-ed03-46ad-b47e-9325045a76b2,UPI/BHARATPE,
DEBIT,UPI,15,4381.21,2024-04-22T22:00:40+05:30,22-04-2024,c91bc3a7-9f6b-48f1-9561-46c3ece2baab,EURO Net BILL,
DEBIT,UPI,10,4371.21,2024-04-22T22:32:06+05:30,22-04-2024,cf93bcfe-484a-471a-81ba-16dcba6fd2f1,UPI/BHARATPE,
CREDIT,OTHERS,300,4671.21,2024-04-23T05:40:40+05:30,23-04-2024,ad4dbbaa-9053-468f-9e11-258b8b237e51,NEFT,8646845
DEBIT,UPI,130,4541.21,2024-04-23T15:24:21+05:30,23-04-2024,d517b9fc-3e85-49f8-b6cc-20d2efecba79,UPI/GPAY,
DEBIT,UPI,130,4411.21,2024-04-23T15:58:13+05:30,23-04-2024,fa7e80c4-58ad-4790-9959-ec7e59fbc67f,UPI/GPAY,
DEBIT,UPI,400,4011.21,2024-04-23T19:19:48+05:30,23-04-2024,d1ebf28b-4b9d-4c68-9003-33ae87f0fe17,UPI/41146,
CREDIT,OTHERS,1570,5581.21,2024-04-24T04:44:37+05:30,24-04-2024,da512c6c-d2b6-40eb-aa3d-1c5f649fe763,NEFT,8646845
DEBIT,UPI,1,5580.21,2024-04-24T12:06:43+05:30,24-04-2024,99a18bcb-b126-45e5-84e1-25e32794d6a3,UPI/41150/autopayhdfcbank,
CREDIT,UPI,1,5581.21,2024-04-24T12:06:46+05:30,24-04-2024,c5c1c4d3-bc90-40e9-9752-4e1a892f0f08,UPI/41150/autopayhdfcbank,
DEBIT,UPI,130,5451.21,2024-04-24T20:44:48+05:30,24-04-2024,31aab463-ccca-46d0-bb22-cbc89cf43f14,UPI/GPAY,
CREDIT,OTHERS,1200,6651.21,2024-04-25T04:51:40+05:30,25-04-2024,ab8fba2a-2754-458a-b932-83ede34ed0e4,NEFT,8646845
CREDIT,OTHERS,1160,7811.21,2024-04-26T06:36:52+05:30,26-04-2024,1c4acb99-d93b-44a5-a973-a7731913870c,NEFT,8646845
DEBIT,UPI,250,7561.21,2024-04-26T13:00:17+05:30,26-04-2024,ef92af33-1002-4eca-8ca5-234fd4e50438,UPI/41176/,
DEBIT,UPI,130,7431.21,2024-04-26T14:23:24+05:30,26-04-2024,3a845d1a-0d45-4baf-9df1-9fed3beac079,UPI/GPAY,
DEBIT,UPI,260,7171.21,2024-04-26T19:15:39+05:30,26-04-2024,a57a70e9-a28f-4456-8ade-f37288d7dc9b,UPI/GPAY,
CREDIT,OTHERS,1060,8231.21,2024-04-27T07:00:33+05:30,27-04-2024,5a833f4f-4923-41a0-975e-e981311578a2,NEFT,8646845
DEBIT,UPI,1,8230.21,2024-04-27T13:05:06+05:30,27-04-2024,4d895602-777e-4035-8414-d438d151b72f,AMZN/,
DEBIT,UPI,7500,730.21,2024-04-27T13:08:14+05:30,27-04-2024,de0b0d9c-069b-44d8-80cf-965e1b8eb56b,AMZN/,
DEBIT,UPI,12,718.21,2024-04-27T14:02:20+05:30,27-04-2024,c718d820-6d0d-4193-a7b4-96e78efe4348,UPI/GPAY,
DEBIT,UPI,400,318.21,2024-04-27T19:18:46+05:30,27-04-2024,f13916de-1fed-432f-b431-c92101ecf97f,UPI/4484,
CREDIT,OTHERS,1100,1418.21,2024-04-28T04:54:15+05:30,28-04-2024,1f3e92e3-0a90-4c73-aec3-27a7a5056511,NEFT,8646845
DEBIT,UPI,50,1368.21,2024-04-28T07:55:36+05:30,28-04-2024,c5ab64ea-0396-4a7c-8be2-100c3b71479c,UPI/4485,
DEBIT,UPI,10,1358.21,2024-04-28T13:09:05+05:30,28-04-2024,6cf2ffde-995f-4b76-aa3f-fc89a49a063b,UPI/GPAY,
DEBIT,UPI,50,1308.21,2024-04-28T18:56:18+05:30,28-04-2024,5787039c-d591-4037-b405-41f479eab738,UPI/4485,
CREDIT,UPI,1,1309.21,2024-04-28T19:23:24+05:30,28-04-2024,3671ec65-a102-4085-a87e-dff09f0cbee8,UPI/44851,
CREDIT,UPI,499,1808.21,2024-04-28T19:24:38+05:30,28-04-2024,bb44094f-ffae-4f0c-a470-64db270135e3,UPI/41198/,
DEBIT,UPI,15,1793.21,2024-04-28T21:01:49+05:30,28-04-2024,2693e44b-2c17-4ca1-bc5b-e2d5a70a8a16,UPI/44852/JIOINAPPDIRECT,
CREDIT,OTHERS,650,2443.21,2024-04-29T06:13:39+05:30,29-04-2024,485c56b1-d27b-401c-91e7-1bf1819af65e,NEFT,8646845
CREDIT,OTHERS,50,2493.21,2024-04-30T05:49:04+05:30,30-04-2024,fd59d877-049e-4437-999c-aa3708cf4f35,NEFT,8646845
DEBIT,UPI,70,2423.21,2024-04-30T10:04:17+05:30,30-04-2024,3e3da725-f004-4c1d-bf1a-38152f6fd861,UPI/4487,
DEBIT,UPI,10,2413.21,2024-04-30T10:30:02+05:30,30-04-2024,8d035697-5860-4674-b4f9-c3069fd3430b,UPI/41213,
DEBIT,UPI,15,2398.21,2024-04-30T10:33:15+05:30,30-04-2024,d6cceb33-4191-4155-a920-409f86132852,UPI/41213,
DEBIT,UPI,480,1918.21,2024-04-30T13:20:14+05:30,30-04-2024,0496d418-8cae-4098-a82d-cbd898b35b41,UPI/4487,
DEBIT,UPI,1000,918.21,2024-04-30T14:11:00+05:30,30-04-2024,34f26469-0133-4b42-b636-4723bfe87d5a,UPI/4487,
DEBIT,UPI,130,788.21,2024-04-30T15:56:26+05:30,30-04-2024,871f81b0-9a74-44f7-b768-dc8dfe6b1162,UPI/GPAY,
DEBIT,UPI,600,188.21,2024-04-30T19:26:30+05:30,30-04-2024,ef2366dd-5641-4f8d-b20d-7d7939805ada,UPI/41,
CREDIT,OTHERS,1650,1838.21,2024-05-01T06:23:33+05:30,01-05-2024,bba4b15f-1786-439f-a2a1-bf997b3b4752,NEFT,8646845
DEBIT,UPI,242,1596.21,2024-05-01T07:11:50+05:30,01-05-2024,677511e3-dfb7-4881-958d-5dde8afffba0,UPI/JIOINAPPDIRECT/,
CREDIT,OTHERS,47,1643.21,2024-05-02T05:25:12+05:30,30-04-2024,21384645-789d-4f28-adbd-ee1fcb2c11c4,518881000,
CREDIT,OTHERS,860,2503.21,2024-05-02T05:49:21+05:30,02-05-2024,7a29d991-5022-4824-9ad1-a03be38ae62f,NEFT,8646845
DEBIT,UPI,20,2483.21,2024-05-02T11:53:45+05:30,02-05-2024,8ebb1040-10d1-4bbb-8134-630b5d3e5831,UPI/41232,
DEBIT,UPI,10,2473.21,2024-05-02T14:27:43+05:30,02-05-2024,1a9f6f0a-2a9a-48d9-98ac-70440ef6c411,UPI/41232,
DEBIT,UPI,80,2393.21,2024-05-02T16:34:02+05:30,02-05-2024,647ab463-69b0-44a6-aff9-1ccc2b286aac,UPI/PAYTMap,
DEBIT,UPI,1500,893.21,2024-05-02T17:28:22+05:30,02-05-2024,97d36ab3-0c08-4eeb-8f67-2bc3855889d7,AMZN,
DEBIT,UPI,130,763.21,2024-05-02T18:05:15+05:30,02-05-2024,c4676bc4-dd7c-4c36-b6b9-64645fd25530,UPI/GPAY,
DEBIT,UPI,130,633.21,2024-05-02T18:52:10+05:30,02-05-2024,480a7681-c5f5-4a9f-b57a-69e8c889cab2,UPI/GPAY,
DEBIT,UPI,400,233.21,2024-05-02T19:36:40+05:30,02-05-2024,273f8cf5-89b5-4bc0-93f9-5579657b690f,UPI/41234,
DEBIT,UPI,130,103.21,2024-05-02T20:52:08+05:30,02-05-2024,7a6ce6c6-9f59-4718-85a5-9fb34af27dd5,UPI/GPAY,
CREDIT,OTHERS,320,423.21,2024-05-03T08:07:58+05:30,03-05-2024,e4c7abc2-955a-4555-862f-70563324d33e,NEFT,8646845
DEBIT,UPI,50,373.21,2024-05-03T17:07:53+05:30,03-05-2024,14326b1d-1770-4776-9b6a-7a90e5e4bbe0,UPI/PAYTMap,
DEBIT,UPI,180,193.21,2024-05-03T21:08:57+05:30,03-05-2024,55b55f0e-0b96-4b6e-9aa0-049d73bc4ed9,UPI/PAYTMmp,
CREDIT,OTHERS,1380,1573.21,2024-05-04T06:21:33+05:30,04-05-2024,61dcecc9-1d67-4edc-a8a6-50d066a74c1b,NEFT,8646845
DEBIT,UPI,20,1553.21,2024-05-04T12:52:35+05:30,04-05-2024,f3b86d1b-1889-44d6-8907-786dd2ed001e,UPI/GPAY,
DEBIT,UPI,130,1423.21,2024-05-04T16:59:11+05:30,04-05-2024,f34cd85b-f0ce-4c09-852a-b4b324eda39e,UPI/GPAY,
DEBIT,UPI,400,1023.21,2024-05-04T19:42:35+05:30,04-05-2024,196523fd-76f6-4768-a8ce-2f18d4267f9e,UPI/41252,
CREDIT,OTHERS,800,1823.21,2024-05-05T05:32:08+05:30,05-05-2024,dcca75fb-d339-4ffe-b22d-954bcbbca240,NEFT,8646845
DEBIT,UPI,110,1713.21,2024-05-05T10:17:18+05:30,05-05-2024,0637105c-449b-444e-af57-b2e4931fbdea,UPI/4492,
DEBIT,UPI,80,1633.21,2024-05-05T16:31:42+05:30,05-05-2024,330e7027-ae47-4c04-82c1-91d807149cd2,UPI/4492,
DEBIT,UPI,130,1503.21,2024-05-05T16:44:21+05:30,05-05-2024,b9b6bad7-6254-46fb-aa99-37f5babcc33d,UPI/GPAY,
DEBIT,UPI,110,1393.21,2024-05-05T21:15:14+05:30,05-05-2024,b36a0b25-74d6-4f3a-a22d-92e4705e2912,UPI/41267,
CREDIT,OTHERS,250,1643.21,2024-05-06T05:24:30+05:30,06-05-2024,bccb9467-1f3e-4a20-a6ba-d2b18c216feb,NEFT,8646845
DEBIT,UPI,20,1623.21,2024-05-06T12:38:42+05:30,06-05-2024,811b5dfe-d24b-420a-9701-e0fbd6460b74,UPI/PAYTMvp,
DEBIT,UPI,130,1493.21,2024-05-06T13:04:36+05:30,06-05-2024,e42b0839-6287-4080-9234-0de28682ee0e,UPI/4493,
DEBIT,UPI,130,1363.21,2024-05-06T17:04:20+05:30,06-05-2024,73e3e6b0-5bda-4368-9bc6-f1d8a5628bb4,UPI/GPAY,
DEBIT,UPI,20,1343.21,2024-05-06T21:00:37+05:30,06-05-2024,8a0f0f1d-02f2-471e-81bb-b5dea44309f4,UPI/4493,
DEBIT,UPI,20,1323.21,2024-05-06T21:23:58+05:30,06-05-2024,603bb328-4050-415f-b8d6-22d8ddd45959,UPI/PAYTM,
CREDIT,OTHERS,1700,3023.21,2024-05-07T05:13:22+05:30,07-05-2024,a0cb180f-0d4b-4fd2-8c68-a00c5d043815,NEFT,8646845
DEBIT,UPI,10,3013.21,2024-05-07T10:28:25+05:30,07-05-2024,d35629ad-db75-483f-8ebc-fa9833468f9c,UPI/4494,
CREDIT,UPI,150,3163.21,2024-05-07T13:48:11+05:30,07-05-2024,96a8396d-5075-43e0-9676-ec189c238104,UPI/4494,
DEBIT,UPI,310,2853.21,2024-05-07T13:52:04+05:30,07-05-2024,edc422af-eef4-4c75-9f54-e7ed8c24796c,UPI/PAYTM,
DEBIT,UPI,30,2823.21,2024-05-07T13:55:41+05:30,07-05-2024,e32eb683-aefb-4611-8431-03f8460adb84,UPI/4494,
DEBIT,UPI,1500,1323.21,2024-05-07T16:53:22+05:30,07-05-2024,2f538e5f-64cf-4990-bf87-c644770ff18d,UPI/4494,
DEBIT,UPI,600,723.21,2024-05-07T19:22:11+05:30,07-05-2024,c1a6ae0d-a73f-4219-9e99-7b0b3d8cf600,UPI/41284,
DEBIT,UPI,130,593.21,2024-05-07T20:52:20+05:30,07-05-2024,dc9033f5-ae18-41f9-92fc-02141a9d23d6,UPI/GPAY,
DEBIT,UPI,130,463.21,2024-05-07T20:52:58+05:30,07-05-2024,d63df3de-1e30-4bbb-885a-d586fffcf5de,UPI/GPAY,
DEBIT,UPI,19,444.21,2024-05-07T22:14:52+05:30,07-05-2024,f7c914d8-dfc6-4467-ac97-768ce788631a,UPI/GPAYRECHARGE,
CREDIT,OTHERS,860,1304.21,2024-05-08T05:05:05+05:30,08-05-2024,fb0898df-03aa-4f3f-a35a-d962da0d4df0,NEFT,8646845
DEBIT,UPI,10,1294.21,2024-05-08T10:50:10+05:30,08-05-2024,f33ed4cf-7758-48e5-bce8-1d47947f7bb5,UPI/41296,
DEBIT,UPI,80,1214.21,2024-05-08T18:10:59+05:30,08-05-2024,d018937b-c15b-4d7d-9f18-15a44e989b69,UPI/PAYTMap,
DEBIT,UPI,50,1164.21,2024-05-08T18:41:54+05:30,08-05-2024,fdc988b6-c087-4b75-9459-a5433148e943,UPI/PAYTMap,
DEBIT,UPI,250,914.21,2024-05-08T20:58:06+05:30,08-05-2024,ab2722fa-4db7-4bd6-ac92-67da806770c3,UPI/GPAY,
CREDIT,UPI,200,1114.21,2024-05-08T21:52:26+05:30,08-05-2024,7cbb62cb-58c9-4d7a-9e70-4c73656b4357,UPI/4495,
DEBIT,UPI,100,1014.21,2024-05-09T09:52:32+05:30,09-05-2024,7f51347c-e02c-4f1e-abb4-4213890448ae,UPI/4496,
DEBIT,UPI,30,984.21,2024-05-09T10:08:52+05:30,09-05-2024,dbbfc153-bd45-4094-8eeb-538d435adf9e,UPI/4496,
DEBIT,UPI,20,964.21,2024-05-09T11:20:18+05:30,09-05-2024,b89c59e1-2116-4cfc-a8ec-7440c36a6853,UPI/PAYTMlp,
DEBIT,UPI,25,939.21,2024-05-09T15:30:59+05:30,09-05-2024,46c380b7-c110-4b54-98f7-6acd26467908,UPI/BHARATPE,
DEBIT,UPI,20,919.21,2024-05-09T15:38:07+05:30,09-05-2024,97769eb5-f3e4-4f68-af86-233a0616915d,UPI/4496,
DEBIT,UPI,900,19.21,2024-05-09T15:52:11+05:30,09-05-2024,f8df0c27-3ef1-450d-a5b5-b9ce9de6fddb,UPI/44964,
CREDIT,OTHERS,50,69.21,2024-05-09T19:38:29+05:30,09-05-2024,8548326a-8594-46b2-97de-1adcaab9a74a,IMPS,
DEBIT,UPI,19,50.21,2024-05-09T21:44:12+05:30,09-05-2024,c785f6d9-41ce-4222-8e7e-56acda2689b2,UPI/GPAYRECHARGE,
CREDIT,UPI,4000,4050.21,2024-05-10T08:58:30+05:30,10-05-2024,2e15a8d1-b54d-4048-b590-f779e0aba88d,UPI/44971,
DEBIT,UPI,20,4030.21,2024-05-10T10:25:27+05:30,10-05-2024,ce62273d-0213-4c01-ab97-0a92567a1945,UPI/BHARATPE,
DEBIT,UPI,2000,2030.21,2024-05-10T15:13:20+05:30,10-05-2024,2f0ed765-4807-4bc9-ba7f-621994f2115b,UPI/4497,
DEBIT,UPI,80,1950.21,2024-05-10T15:41:45+05:30,10-05-2024,c0b480d3-9bd1-4d7b-a3e7-46675b6adb3c,UPI/PAYTMap,
DEBIT,UPI,130,1820.21,2024-05-10T17:55:09+05:30,10-05-2024,45b50201-8fd6-434b-9d50-574d7ca588aa,UPI/GPAY,
CREDIT,OTHERS,570,2390.21,2024-05-11T05:15:27+05:30,11-05-2024,d179e30f-bd27-4ed2-a1c5-0ba7be5259a4,NEFT,8646845
DEBIT,UPI,10,2380.21,2024-05-11T12:20:17+05:30,11-05-2024,30bb69bd-f41c-403e-8b9a-b979b7677247,UPI/4498,
DEBIT,UPI,130,2250.21,2024-05-11T17:36:38+05:30,11-05-2024,3963a4d4-ba7d-481e-969b-9a44ae20a864,UPI/GPAY,
DEBIT,UPI,80,2170.21,2024-05-11T18:06:10+05:30,11-05-2024,cbefc487-a0fd-41da-a201-25bd1e7a413f,UPI/PAYTMap,
DEBIT,UPI,1000,1170.21,2024-05-11T19:43:21+05:30,11-05-2024,430f553a-f354-4228-9c05-eb2d7ae79d96,UPI/44987,
DEBIT,UPI,240.9,929.31,2024-05-11T20:06:44+05:30,11-05-2024,1abd45bf-1688-44de-a4d5-959f48b5155e,UPI/GPAYRECHARGE,
CREDIT,OTHERS,1750,2679.31,2024-05-12T05:23:38+05:30,12-05-2024,23fb0efc-e983-48df-a46d-1062a787f8e4,NEFT,8646845
DEBIT,UPI,10,2669.31,2024-05-12T16:49:20+05:30,12-05-2024,ef15596a-7bdf-4188-8515-96ad1f22c2c4,UPI/4499,
DEBIT,UPI,70,2599.31,2024-05-12T18:33:02+05:30,12-05-2024,d03a38bf-6960-4ba2-9c36-5bbaf088a36d,UPI/41331,
DEBIT,UPI,200,2399.31,2024-05-12T19:34:31+05:30,12-05-2024,4cd145a0-d0eb-4731-bb29-266c20c33205,UPI/41,
DEBIT,UPI,205,2194.31,2024-05-12T21:52:50+05:30,12-05-2024,ae6f3208-d206-4215-8052-0f979e326278,UPI/BHARATPE,
DEBIT,UPI,20,2174.31,2024-05-13T03:37:08+05:30,13-05-2024,9cf29963-4d2b-4c9c-99e6-134b394dadd8,UPI/4500,
CREDIT,OTHERS,11530,13704.31,2024-05-13T06:54:41+05:30,13-05-2024,7141e406-9738-4db3-8092-123d8dabec38,NEFT,8646845
DEBIT,UPI,40,13664.31,2024-05-13T14:31:52+05:30,13-05-2024,50ba70db-724a-443e-bc6c-d61587d9763d,UPI/45003,
DEBIT,UPI,30,13634.31,2024-05-13T17:06:18+05:30,13-05-2024,dffc4904-9780-4817-b679-f7d95da78607,UPI/4500,
DEBIT,UPI,40,13594.31,2024-05-13T18:44:16+05:30,13-05-2024,ecf802b6-d1d7-43de-b9e0-f41a43a67ce0,UPI/4500,
DEBIT,UPI,10,13584.31,2024-05-14T11:04:57+05:30,14-05-2024,c63622f7-6dc7-4c0d-9da1-026ff7e8f83f,UPI/BHARATPE,
DEBIT,UPI,10000,3584.31,2024-05-14T11:51:56+05:30,14-05-2024,8fb6e718-26d2-4cea-a1d9-aa8fb11ffa83,UPI/41350,
DEBIT,UPI,40,3544.31,2024-05-14T15:38:27+05:30,14-05-2024,f368130f-61d1-44b0-940c-aad28b39bea2,UPI/BHARATPE,
DEBIT,UPI,600,2944.31,2024-05-14T19:24:52+05:30,14-05-2024,32499502-516f-44ba-ace3-9d7f4851515c,UPI/41,
DEBIT,UPI,500,2444.31,2024-05-14T21:13:55+05:30,14-05-2024,374bdc9e-c30b-4d08-8aaf-baa7f00edc68,UPI/BHARATPE,
DEBIT,UPI,150,2294.31,2024-05-14T21:29:18+05:30,14-05-2024,82a23b7d-b949-430b-9925-ac41f1d9ab9e,UPI/PAYTM,
CREDIT,OTHERS,650,2944.31,2024-05-15T05:55:03+05:30,15-05-2024,97f77a7d-37d0-4e8f-8d96-c2603541c6ab,NEFT,8646845
DEBIT,UPI,15,2929.31,2024-05-15T08:04:36+05:30,15-05-2024,4b213377-c845-4d68-b4a3-47adfd333d67,UPI/45025/JIOINAPPDIRECT,
DEBIT,UPI,130,2799.31,2024-05-15T13:14:03+05:30,15-05-2024,21459fcb-7f53-4a2b-98e6-b92e38ac3562,UPI/GPAY,
DEBIT,UPI,100,2699.31,2024-05-15T14:52:12+05:30,15-05-2024,a27bd0c5-66c9-41e7-8350-0d74d43a464f,UPI/4502,
DEBIT,UPI,500,2199.31,2024-05-15T17:17:13+05:30,15-05-2024,7fad5e57-1b2d-440e-a3ff-43aab42e4688,UPI/4502,
DEBIT,UPI,15,2184.31,2024-05-15T22:15:36+05:30,15-05-2024,5a48353c-1b4b-4378-baf4-a75f9ed2e03a,UPI/45028/JIOINAPPDIRECT,
DEBIT,UPI,10,2174.31,2024-05-15T22:36:57+05:30,15-05-2024,8e88e324-d8bb-4920-b8f2-c98a49e51f84,UPI/4502,
CREDIT,OTHERS,130,2304.31,2024-05-16T05:10:20+05:30,16-05-2024,6b33e460-d49f-465e-833d-b6c8843c3e21,NEFT,8646845
DEBIT,UPI,30,2274.31,2024-05-16T17:16:11+05:30,16-05-2024,ac706267-eb14-4772-89e5-a4a30cba2740,UPI/GPAY,
DEBIT,UPI,130,2144.31,2024-05-16T18:00:23+05:30,16-05-2024,51f628f6-d430-41bf-b227-72fc7a89ae8b,UPI/GPAY,
DEBIT,UPI,400,1744.31,2024-05-16T19:26:35+05:30,16-05-2024,5957e0d0-1550-4a27-9f50-4e276d34f00e,UPI/41,
CREDIT,UPI,1000,2744.31,2024-05-16T19:58:36+05:30,16-05-2024,a240c84e-8916-4307-95f5-a722ad0287d6,UPI/41374,
DEBIT,UPI,130,2614.31,2024-05-16T20:46:55+05:30,16-05-2024,544ae2ba-f779-4c9e-a192-faeff9f795fd,UPI/GPAY,
DEBIT,UPI,500,2114.31,2024-05-16T20:48:53+05:30,16-05-2024,9436c34b-0490-4466-a238-6e945334cb4b,UPI/4503,
CREDIT,OTHERS,650,2764.31,2024-05-17T04:44:25+05:30,17-05-2024,b0b21466-ac5c-452c-899c-7f3d1971295d,NEFT,8646845
DEBIT,UPI,110,2654.31,2024-05-17T09:54:31+05:30,17-05-2024,c5913173-57bc-4340-88b2-f9c330e26eaf,UPI/4504,
DEBIT,UPI,95,2559.31,2024-05-17T14:53:22+05:30,17-05-2024,891568f3-3d71-48e1-a416-5854239541a4,UPI/4504,
DEBIT,UPI,1300,1259.31,2024-05-17T18:51:36+05:30,17-05-2024,327b7200-ee13-4179-b6d0-41bc618589f8,UPI/41382,
DEBIT,UPI,260,999.31,2024-05-18T13:36:24+05:30,18-05-2024,4cf0a4da-ff24-4659-a5c0-3827552759ee,UPI/GPAY,
DEBIT,UPI,15,984.31,2024-05-18T17:03:14+05:30,18-05-2024,c93cffda-0d4a-4228-bd3b-6dd8be20afe8,UPI/45051/JIOINAPPDIRECT,
DEBIT,UPI,50,934.31,2024-05-18T19:44:07+05:30,18-05-2024,7907ca94-6546-4a7f-b8ff-0beb996e787b,UPI/PAYTMap,
DEBIT,UPI,50,884.31,2024-05-18T20:53:26+05:30,18-05-2024,50261313-f646-465d-9bfa-09983019e719,UPI/41394/LOAD/LITE,
DEBIT,UPI,60,824.31,2024-05-19T10:24:48+05:30,19-05-2024,b7963334-f585-4191-b319-eba6a2a2456e,UPI/4506,
CREDIT,UPI,100,924.31,2024-05-19T12:15:40+05:30,19-05-2024,d2aa0378-2ce2-4e10-933c-e13c2f583cf2,UPI/4506,
DEBIT,UPI,20,904.31,2024-05-19T12:26:51+05:30,19-05-2024,2869a12e-d89f-40ec-bd80-10d9b45a6e53,UPI/PAYTMap,
DEBIT,UPI,130,774.31,2024-05-19T17:01:14+05:30,19-05-2024,f0dbfbd2-2203-4f8f-a872-fa89b7d761d1,UPI/GPAY,
DEBIT,UPI,50,724.31,2024-05-19T17:44:31+05:30,19-05-2024,3aea12bb-ef0e-4bbe-8eaa-cbfddf5dbfb8,UPI/PAYTMap,
DEBIT,UPI,400,324.31,2024-05-19T19:40:29+05:30,19-05-2024,8b196063-5ca4-443b-b5a2-eafa8e081903,UPI/41402,
DEBIT,UPI,15,309.31,2024-05-19T20:32:25+05:30,19-05-2024,ced19446-2522-40a4-8fa2-a87201c91562,UPI/45065/JIOINAPPDIRECT,
DEBIT,UPI,130,179.31,2024-05-20T13:27:57+05:30,20-05-2024,68a1453d-c79c-40ce-b13d-29a59857331c,UPI/GPAY,
DEBIT,UPI,130,49.31,2024-05-20T17:26:51+05:30,20-05-2024,1dc53379-c75d-49ff-94fd-1b5ccae6cd7f,UPI/GPAY,
CREDIT,OTHERS,1070,1119.31,2024-05-21T05:47:33+05:30,21-05-2024,729dabc3-ec33-4996-bf21-48bde4b3579c,NEFT,8646845
DEBIT,UPI,55,1064.31,2024-05-21T09:47:32+05:30,21-05-2024,9f4bc29e-a3f6-4fc1-84c2-8f46afba045c,UPI/4508,
DEBIT,UPI,130,934.31,2024-05-21T14:29:35+05:30,21-05-2024,64ccdc6c-1f54-40ad-830c-238eb2b287b3,UPI/GPAY,
DEBIT,UPI,400,534.31,2024-05-21T19:23:37+05:30,21-05-2024,be7a3c9f-d51d-47d3-bb11-ba07b4b26b9c,UPI/41420,
DEBIT,UPI,130,404.31,2024-05-21T21:23:33+05:30,21-05-2024,a4e3a401-60d7-4b5d-8fb0-7c219062717b,UPI/GPAY,
CREDIT,OTHERS,2050,2454.31,2024-05-22T04:42:07+05:30,22-05-2024,f339783e-6bb5-4882-b1dc-dea34a4ada59,NEFT,8646845
DEBIT,UPI,19,2435.31,2024-05-22T14:10:51+05:30,22-05-2024,a6f63dce-5cb7-4695-a0b1-68b2000bf9dc,UPI/45095/JIOINAPPDIRECT,
DEBIT,UPI,240,2195.31,2024-05-22T14:48:58+05:30,22-05-2024,54cd475c-363a-4bd1-8c70-a80687d06754,UPI/GPAY,
DEBIT,UPI,20,2175.31,2024-05-22T14:49:42+05:30,22-05-2024,9670c45a-c512-440d-b884-02c0535ee8bf,UPI/GPAY,
DEBIT,UPI,10,2165.31,2024-05-22T18:04:30+05:30,22-05-2024,d83f984f-6105-4d15-bbb2-c85d206b5e20,UPI/4509,
CREDIT,UPI,3920,6085.31,2024-05-22T20:21:48+05:30,22-05-2024,cf8cd6ae-83c6-4786-82e9-8ac13aa35a5f,UPI/45096,
DEBIT,UPI,3920,2165.31,2024-05-22T20:25:35+05:30,22-05-2024,18dd5138-6e8f-4659-8826-9f53b6fe19ee,UPI/45090,
DEBIT,UPI,130,2035.31,2024-05-22T21:02:23+05:30,22-05-2024,5f691ada-c06c-420e-b75a-f03190a0b58b,UPI/GPAY,
CREDIT,OTHERS,650,2685.31,2024-05-23T05:26:11+05:30,23-05-2024,c6594f09-c02f-4cee-9ef9-5f7b1a4e012b,NEFT,8646845
DEBIT,UPI,260,2425.31,2024-05-23T11:18:03+05:30,23-05-2024,2e634379-f3e6-415f-b0bc-b118bcef5a99,UPI/GPAY,
DEBIT,UPI,260,2165.31,2024-05-23T12:09:28+05:30,23-05-2024,afee02c8-95f7-407a-ac0b-1102446d5fcd,UPI/GPAY,
DEBIT,UPI,15,2150.31,2024-05-23T15:23:42+05:30,23-05-2024,2226ae5f-116e-4b55-91d4-c7e76f4f80e4,UPI/PAYTM5p,
DEBIT,UPI,260,1890.31,2024-05-23T16:59:54+05:30,23-05-2024,1c781ae2-c0d5-4884-b2f7-26609545cedf,UPI/GPAY,
DEBIT,UPI,20,1870.31,2024-05-23T18:13:02+05:30,23-05-2024,a287d40c-92bb-4271-bdfa-142faff50a63,UPI/4510,
DEBIT,UPI,260,1610.31,2024-05-23T19:35:36+05:30,23-05-2024,e28a05a7-b00f-430e-ba92-18ba473d99b3,UPI/GPAY,
DEBIT,UPI,260,1350.31,2024-05-23T21:34:36+05:30,23-05-2024,3b30bf89-e93a-469f-bb1c-245eb2baa81a,UPI/41448,
DEBIT,UPI,130,1220.31,2024-05-24T13:44:42+05:30,24-05-2024,ec0ea4f1-7480-4cc8-97b8-fc06082f60fa,UPI/GPAY,
DEBIT,UPI,600,620.31,2024-05-24T19:33:45+05:30,24-05-2024,11aae491-d422-4bc6-88be-e0981a6555a3,UPI/41451,
CREDIT,UPI,600,1220.31,2024-05-24T19:33:51+05:30,24-05-2024,e1da6560-137c-4531-b0d1-4068e7b3ec00,UPI/41454/REVERSAL,
DEBIT,UPI,130,1090.31,2024-05-24T19:42:08+05:30,24-05-2024,3e1974e3-ed9f-409b-a7f1-0f0a261f5b1c,UPI/GPAY,
CREDIT,OTHERS,600,1690.31,2024-05-25T07:47:07+05:30,25-05-2024,1b5435dc-d9ff-406c-9dc9-b5142dfb6b00,NEFT,8646845
DEBIT,UPI,50,1640.31,2024-05-25T09:49:10+05:30,25-05-2024,11f63bd4-d130-46bf-8750-fbc765b13a25,UPI/BHARATPE,
DEBIT,UPI,60,1580.31,2024-05-25T10:36:53+05:30,25-05-2024,0aa75e81-6e8b-4b55-9c96-97368b0d6659,UPI/4512,
DEBIT,UPI,10,1570.31,2024-05-25T10:54:46+05:30,25-05-2024,64989ec7-0c73-4710-89f3-d861eacfe326,UPI/4512,
DEBIT,UPI,640,930.31,2024-05-25T14:11:41+05:30,25-05-2024,0efc1af2-5a91-4176-922b-f89a6614085f,UPI/4512,
DEBIT,UPI,130,800.31,2024-05-25T16:59:06+05:30,25-05-2024,55c5d6de-5b14-4d88-89bf-bb336319b910,UPI/GPAY,
DEBIT,UPI,10,790.31,2024-05-25T17:01:24+05:30,25-05-2024,a51900ee-8189-40fb-a168-0ed0d256e304,UPI/4512,
DEBIT,UPI,80,710.31,2024-05-25T18:10:37+05:30,25-05-2024,9eee8e44-9a33-4fff-a926-bd2ce08b29ea,UPI/PAYTMap,
DEBIT,UPI,20,690.31,2024-05-25T21:41:13+05:30,25-05-2024,553dc082-dcec-4fd8-b281-f66a6476d839,UPI/PAYTM5p,
CREDIT,OTHERS,1000,1690.31,2024-05-25T22:54:11+05:30,25-05-2024,2bf8ddcb-237d-4bda-b211-e6a8ac1a1bfd,IMPS,
DEBIT,UPI,20,1670.31,2024-05-26T07:44:13+05:30,26-05-2024,cb803ea0-20b9-4f76-a5e5-b70bebf17e04,UPI/PAYTMtm,
DEBIT,UPI,30,1640.31,2024-05-26T08:21:03+05:30,26-05-2024,ce711a57-cfdb-4ea3-b89b-ffddc327c65b,UPI/PAYTM,
DEBIT,UPI,30,1610.31,2024-05-26T09:12:54+05:30,26-05-2024,1d74d62b-640c-4508-a121-c404129cd1d1,UPI/PAYTMtm,
DEBIT,UPI,30,1580.31,2024-05-26T11:02:43+05:30,26-05-2024,efc2151d-f236-440e-b0d7-e90ad7d02463,UPI/PAYTMtm,
DEBIT,UPI,400,1180.31,2024-05-26T16:29:27+05:30,26-05-2024,e1a3d09f-51c5-483e-a0eb-fce9254092a8,UPI/45138,
DEBIT,UPI,10,1170.31,2024-05-26T18:46:48+05:30,26-05-2024,bd3e4c88-bec3-456d-8ddf-e05592d6d5c6,UPI/PAYTMup,
DEBIT,UPI,216,954.31,2024-05-27T03:39:25+05:30,26-05-2024,24893e56-46f8-450a-9561-e2b9fa4ad1aa,UPI/PAYTM101,
DEBIT,UPI,260,694.31,2024-05-27T12:17:55+05:30,27-05-2024,44b65320-b7f8-4ffa-8c8c-68627bc75acb,UPI/GPAY,
DEBIT,UPI,50,644.31,2024-05-27T16:20:10+05:30,27-05-2024,ce15b6ec-346d-484f-a993-259e572d40f7,UPI/PAYTMap,
DEBIT,UPI,20,624.31,2024-05-27T17:26:56+05:30,27-05-2024,a62ff5ed-e775-4c60-a01a-5f29e43b7ac8,UPI/PAYTM101,
DEBIT,UPI,130,494.31,2024-05-27T18:25:59+05:30,27-05-2024,2c3ef021-abc9-4ef8-a1b5-0ae8a6550754,UPI/GPAY,
DEBIT,UPI,175,319.31,2024-05-27T19:53:23+05:30,27-05-2024,f3d07c84-fbd9-4de6-83e6-ffd9151d8e2b,UPI/4514,
CREDIT,OTHERS,210,529.31,2024-05-28T05:41:08+05:30,28-05-2024,cd7df1ef-e2c1-4dae-a663-380b6d4c03fb,NEFT,8646845
DEBIT,UPI,130,399.31,2024-05-28T12:09:13+05:30,28-05-2024,5ea22a5a-f9a5-4586-95a6-3f9e06d2a6f7,UPI/GPAY,
DEBIT,UPI,130,269.31,2024-05-28T20:45:38+05:30,28-05-2024,f19f5691-8cc9-4c3f-90f5-f8a37fbc0da2,UPI/GPAY,
CREDIT,OTHERS,150,419.31,2024-05-29T06:03:44+05:30,29-05-2024,be7137b8-527c-411c-ac0d-2a2d68a737c0,NEFT,8646845
DEBIT,UPI,240.9,178.41,2024-05-29T08:53:10+05:30,29-05-2024,68158208-6c66-4fd7-a492-7dd69e076f99,UPI/GPAYRECHARGE,
DEBIT,UPI,130,48.41,2024-05-29T12:01:51+05:30,29-05-2024,a54acb9b-016e-4474-9e25-1f497f9423d7,UPI/GPAY,
CREDIT,UPI,300,348.41,2024-05-29T17:10:42+05:30,29-05-2024,b1f8b506-a1ec-485f-b6a3-46821bfac6b7,UPI/4150,
DEBIT,UPI,245,103.41,2024-05-29T17:12:19+05:30,29-05-2024,a13ba7fa-3fa2-4607-a064-292aa6b8b67e,UPI/4516,
DEBIT,UPI,80,23.41,2024-05-29T17:57:40+05:30,29-05-2024,c3b42859-ac27-483b-9759-c518aeb1e5ab,UPI/PAYTMap,
CREDIT,OTHERS,938,961.41,2024-05-30T05:07:05+05:30,30-05-2024,2edaf543-5afd-4247-9320-5c213957cd98,NEFT,8646845
DEBIT,UPI,60,901.41,2024-05-30T09:58:24+05:30,30-05-2024,87392ae7-630a-4cee-b8c3-d57f144654c1,UPI/4517,
DEBIT,UPI,130,771.41,2024-05-30T13:30:30+05:30,30-05-2024,dc9a8f29-efdb-434b-a140-6e20f7185aa3,UPI/4517,
DEBIT,UPI,10,761.41,2024-05-30T13:38:20+05:30,30-05-2024,a8722af7-486f-409b-bf44-452b087ecd27,UPI/4517,
CREDIT,NEFT,50000,50000,2024-05-31T09:00:00+05:30,31-05-2024,BONUS-001,Bonus,
